halo_id,m200_msun,pos_x,pos_y,pos_z
0,1535789876734573.2,43718.8125,48813.640625,147594.953125
1,1307340105550634.8,81856.5078125,121018.3203125,194532.6875
2,1033314303771774.4,119228.15625,67811.4921875,196039.390625
3,899670211931650.4,86512.828125,81893.5625,52624.5546875
4,841819710473870.6,134485.390625,36361.37890625,35270.6171875
5,733527377195896.1,46909.2734375,73091.875,143122.296875
6,459285186235975.8,172315.078125,111833.109375,163072.765625
7,581220648342928.9,197691.921875,112083.5234375,198472.453125
8,398251615782772.4,48910.67578125,189379.3125,98636.609375
9,641211629484056.6,59176.6640625,8106.17578125,100355.09375
10,635853481602450.5,40907.8203125,98524.265625,113316.53125
11,547336957023176.9,203614.5,109663.9921875,194446.859375
12,655181518951136.8,164437.5,168005.5625,61120.0390625
13,553877302000295.25,204287.328125,105547.0625,191478.828125
14,437283207161573.7,100361.828125,23873.85546875,137372.609375
15,497315966840124.0,94123.1171875,103107.9375,81124.4609375
16,379204235634411.0,158961.078125,123934.7109375,165212.734375
17,416661505618910.56,170512.390625,175707.203125,103725.2734375
18,407155230476823.1,20199.845703125,175134.203125,14404.4169921875
19,467371856085769.1,189338.09375,105315.5,166653.796875
20,431286819318349.56,72004.984375,42914.2421875,157770.21875
21,382146090520741.06,83617.4140625,142454.671875,153858.734375
22,360359577981989.94,156436.609375,30458.3359375,89037.375
23,392225501457779.75,9424.24609375,119345.875,194517.09375
24,367364878579864.2,146191.1875,59500.671875,140923.765625
25,219906737848759.97,46916.35546875,44126.9375,154302.390625
26,278377257021331.56,52858.70703125,180630.03125,100616.7265625
27,456104481519412.44,94124.5625,31293.876953125,12286.369140625
28,471019477044582.25,19089.8125,181914.90625,56396.2421875
29,212362410503395.34,85372.3046875,192175.515625,66465.15625
30,389327328065028.06,46616.35546875,55904.0859375,143668.609375
31,390177372813330.4,156829.765625,97395.875,178941.734375
32,390393733161721.3,116814.9921875,64947.21484375,34663.375
33,369590789461544.1,34662.1640625,79072.5234375,146037.0
34,367825826459625.06,34440.7890625,41365.4609375,140398.4375
35,381228058338869.2,51936.15625,51077.625,59491.34765625
36,374207966581783.3,36381.8984375,44075.4296875,140399.96875
37,197666874838537.06,141951.8125,85665.2890625,62745.625
38,128062115948848.53,95643.5625,195193.453125,136494.140625
39,334133439898878.06,76657.7265625,144459.453125,104567.71875
40,235068094114444.94,10153.4248046875,7259.302734375,125544.6953125
41,357260815710806.0,33476.59375,90609.015625,85614.96875
42,198878726334145.25,110213.1328125,144195.625,201093.109375
43,343380711175081.2,44354.41796875,89083.484375,83924.3515625
44,332506181724239.75,171087.234375,30875.896484375,157500.625
45,305942874409506.94,83247.71875,35559.90234375,14700.3828125
46,176415712881975.2,167863.78125,182064.25,35294.30859375
47,183143571122121.34,128947.171875,41772.9765625,37307.47265625
48,324151512215825.2,55978.16015625,49242.76953125,3210.376220703125
49,324038718814585.2,196115.140625,150869.046875,185455.828125
50,338210581128210.8,158597.921875,102958.1171875,46915.43359375
51,316146554150059.06,54637.5390625,141321.828125,81528.6015625
52,275655193571006.78,3075.464599609375,96190.7265625,186318.125
53,184230519495497.5,27632.716796875,53806.53515625,187199.234375
54,314248643711248.9,18556.744140625,142322.34375,99867.546875
55,242969413151387.66,83479.4140625,18212.1484375,143792.890625
56,296168311282108.06,104653.359375,88591.9765625,106448.765625
57,301115824291408.3,100474.8046875,1191.0582275390625,34754.50390625
58,279208848861455.56,50534.9609375,34507.94921875,172736.34375
59,213580417773841.16,48669.33984375,53984.0390625,62114.90234375
60,290497790264245.6,165015.484375,91068.859375,6079.63720703125
61,255725187758340.72,151193.015625,19912.205078125,76366.1796875
62,174374604992434.3,2908.361083984375,6838.52880859375,41701.47265625
63,282241987977930.3,143189.375,20083.201171875,143606.125
64,279798246281739.0,54489.3046875,187976.34375,66857.71875
65,227894857635813.4,20667.572265625,103816.9296875,185520.40625
66,243409716840124.0,25034.451171875,101893.96875,141322.0625
67,278848844155963.97,149258.1875,179401.140625,86810.4609375
68,276792930690876.88,63857.20703125,46401.60546875,29458.9296875
69,269337869288824.9,177823.6875,83638.6953125,203494.75
70,258570539701431.94,128195.875,93773.0390625,49697.21875
71,276122945960658.4,151315.484375,130136.234375,155957.359375
72,275153216803218.2,146289.109375,21144.982421875,117567.46875
73,205733015827982.0,93016.171875,76204.25,36124.296875
74,205864175639393.28,170407.40625,53590.94921875,167685.65625
75,134628684238448.48,45604.31640625,189093.890625,83588.828125
76,236042032841563.34,167184.09375,34647.0859375,159740.8125
77,230889562804472.97,69205.453125,106051.53125,61134.484375
78,260628932776055.5,149220.609375,52815.15234375,157938.5
79,253893448294951.28,170001.890625,68242.1328125,167608.625
80,193627100748265.44,56209.88671875,137137.875,53989.95703125
81,272367577317685.28,59779.36328125,29560.66015625,58102.0859375
82,135533784968261.0,70544.8046875,13913.201171875,109478.1796875
83,128114519324808.1,33487.14453125,72937.1953125,202982.90625
84,158344477159912.9,140374.140625,49210.92578125,157776.828125
85,123098052987525.83,123138.6640625,35117.07421875,131929.125
86,192014662565507.8,186655.484375,107818.9375,193357.234375
87,78567408473575.44,41641.734375,169464.578125,49379.91015625
88,223381016801372.9,83951.3046875,76402.3046875,49372.859375
89,103673404573091.97,47248.421875,108135.046875,174744.84375
90,239398227598169.47,50687.5390625,39578.015625,163646.359375
91,164138574997232.06,157881.828125,113959.5,187582.265625
92,207364988144006.5,147173.921875,27765.345703125,111933.9140625
93,235066710146331.56,182424.3125,61325.5234375,173782.34375
94,141371304805137.28,35889.5859375,101786.328125,163610.9375
95,183994019527790.1,60367.37109375,202000.96875,74988.546875
96,214734719262068.2,23361.66796875,177172.859375,17812.03125
97,228157061927959.84,69683.171875,169043.625,197843.84375
98,228585861381753.75,150974.921875,173051.296875,69786.8203125
99,137743809049306.17,151373.890625,61251.88671875,145374.8125
100,179395756638433.72,59953.62890625,130849.1953125,78068.078125
101,121944717393711.25,70636.265625,144264.6875,107462.015625
102,98802773875756.56,22880.146484375,20919.720703125,139477.46875
103,124328602468999.11,58436.62109375,31380.193359375,52549.15234375
104,157096714575029.53,178228.96875,190479.796875,136313.390625
105,137608079259853.86,192539.859375,143333.203125,182762.078125
106,201667335584588.12,63332.90234375,19554.75,123801.4921875
107,187167025921722.75,146736.90625,88032.609375,8103.20703125
108,199525515182130.2,166937.25,54950.9921875,64799.640625
109,188158048005240.62,198044.15625,146632.890625,171025.546875
110,164342321052922.94,41347.84765625,136140.671875,168850.4375
111,180591519504723.94,32928.2734375,108266.4296875,138095.875
112,152773212605181.56,151313.125,157300.140625,166020.625
113,200451361017308.8,39849.81640625,154014.03125,75852.328125
114,179024276530668.72,183947.046875,112769.3671875,12603.9267578125
115,127064952506827.58,96437.6171875,29103.99609375,14071.640625
116,198077725955860.66,190140.40625,188666.375,86763.875
117,221948206146663.72,160855.046875,100953.359375,171860.109375
118,192892574088426.34,183033.46875,189465.859375,166553.390625
119,170198596541002.38,100867.84375,114418.2578125,20959.734375
120,203439881578461.75,103281.3046875,6065.6748046875,31713.892578125
121,166784549033990.25,186459.390625,6970.02001953125,1760.1639404296875
122,201308729263544.44,85058.125,160069.6875,9552.49609375
123,71453250133783.58,51048.0546875,127291.3828125,122468.9296875
124,178725411499852.38,61185.8984375,16435.78125,6926.16650390625
125,135592661278417.48,41624.375,77994.5625,160886.078125
126,188105846457964.28,129112.3671875,56686.7421875,5803.0068359375
127,201790508746678.47,87037.296875,154656.6875,61007.10546875
128,167641153214496.6,56142.46875,137164.015625,32963.68359375
129,112128930757768.67,184857.84375,106824.9765625,196653.859375
130,164261330085621.5,137170.71875,56458.65234375,13407.05859375
131,185050347606657.8,136821.296875,44677.77734375,150840.734375
132,179053469608060.22,4558.76318359375,3464.7265625,143219.484375
133,198890706308126.66,95018.03125,115087.8125,201071.5625
134,174660480905853.25,126721.328125,80859.0234375,8974.587890625
135,163210220719847.94,77714.8984375,39427.8125,15931.1396484375
136,127507058237378.2,64677.12890625,13821.853515625,109548.515625
137,173721040467227.62,77081.0390625,46363.23046875,131915.453125
138,156064721268821.97,19592.9453125,196055.375,57408.9921875
139,146933040162754.66,125166.2734375,50621.8046875,26270.376953125
140,160620340640684.97,97611.8359375,16122.697265625,130224.0625
141,114362093055709.33,7148.95068359375,2919.480712890625,151215.265625
142,146151141427701.5,84796.5859375,200685.578125,46271.55078125
143,90142031169268.53,101175.4921875,46110.328125,127259.6328125
144,177805836770187.47,29118.400390625,17936.560546875,136300.34375
145,155587973086433.4,79283.5625,179194.609375,55322.3125
146,167491021506864.47,189255.578125,11962.22265625,108339.9921875
147,187930817740625.94,127364.0078125,179067.65625,71874.953125
148,122913480656739.0,135257.375,133112.171875,77186.4375
149,134479013853520.81,51149.93359375,63752.0625,203879.59375
150,88344206132824.03,196104.4375,26053.375,55763.35546875
151,177005773453646.28,177980.71875,52959.64453125,54911.609375
152,163909499441799.53,90900.78125,22081.017578125,127644.4765625
153,140163561964865.66,160629.953125,188326.453125,153441.71875
154,187111840193201.94,186298.625,109865.1796875,200221.25
155,178474005042257.16,49525.46875,107135.1875,133139.4375
156,170201623971250.38,100924.4375,147628.484375,136470.078125
157,111486942549177.0,167827.09375,122848.5546875,159546.203125
158,176244922566984.06,187148.453125,135900.765625,191712.171875
159,169744323424121.66,62119.7421875,180899.953125,54583.9765625
160,171195442823664.0,7232.49658203125,201690.796875,3175.257080078125
161,170170268443681.72,123277.8046875,57171.58984375,26276.271484375
162,137401435520925.6,182111.015625,40945.9296875,86075.078125
163,176176589141386.2,129259.3046875,147694.5625,138006.90625
164,162742727824217.6,69979.1328125,143633.078125,134642.390625
165,82350290690969.14,103420.640625,8558.578125,115954.9765625
166,154801706202022.44,125395.2578125,52845.2421875,23142.69921875
167,163859287348686.16,92443.296875,72217.4296875,32512.3203125
168,173127851550966.94,171938.46875,27947.248046875,159454.984375
169,152895564036204.6,84309.046875,127382.390625,194504.140625
170,86061992256698.4,51408.15234375,189586.5625,68068.390625
171,183455800095032.47,203274.609375,70272.9765625,87507.984375
172,112941219125978.0,180114.515625,82275.953125,7640.81396484375
173,74599579100697.52,43961.421875,190370.75,4758.73486328125
174,128181137206598.77,202086.546875,194971.59375,103608.375
175,148736465945157.97,89657.6796875,1746.0809326171875,51102.3828125
176,137337297248671.39,144366.09375,132181.03125,71561.4765625
177,92565438625627.4,185020.53125,52361.6328125,55864.14453125
178,91614746237913.34,85725.8125,133138.09375,180277.328125
179,150488367748007.1,79300.25,108029.9609375,89864.203125
180,142675002767936.22,161335.890625,44667.09765625,79674.1640625
181,117365008326874.81,48774.71875,130962.765625,111003.5625
182,156103630955676.12,113030.0625,145940.1875,73359.171875
183,182627711424195.44,59295.609375,92875.8828125,103435.984375
184,107746026281554.47,197961.734375,51135.9140625,47694.15234375
185,136576878852044.58,96751.1953125,152923.453125,155357.109375
186,144609847855772.06,158033.0,147462.3125,4074.271484375
187,118919146852856.52,51759.5546875,89894.8046875,127143.078125
188,164069621669250.06,78811.328125,194854.46875,123688.2578125
189,142160527038123.72,59295.078125,128704.1796875,71461.4765625
190,106295360996549.31,46570.69921875,108662.3125,183955.03125
191,156477489758635.97,148943.34375,132988.421875,60789.3359375
192,129208070379391.8,200121.15625,106692.359375,25316.5078125
193,98666784592283.0,660.4057006835938,147612.0,153967.703125
194,118452360357617.36,98681.34375,81030.5390625,59110.5546875
195,148659871959883.38,127559.78125,103861.6015625,83861.6171875
196,138183507251992.9,134134.078125,26642.548828125,142659.09375
197,138800209209846.47,9570.19140625,172565.09375,83091.828125
198,133830538294397.7,22286.49609375,7717.306640625,200508.53125
199,122852946468113.38,55977.578125,89408.8203125,10347.4794921875
200,117471508998099.34,162877.875,50919.66015625,160444.96875
201,151025664535355.78,148025.109375,65606.65625,78567.09375
202,158652510979480.38,12116.705078125,95859.515625,193298.484375
203,165268916537496.3,118999.5625,36327.20703125,168512.46875
204,106813577765168.3,38302.1015625,84176.6640625,158186.90625
205,93913034327022.44,151377.6875,48790.9140625,153332.203125
206,115317160800948.48,93810.140625,142280.640625,37114.078125
207,96327546904985.97,191686.84375,30434.98828125,42398.7265625
208,66639996447815.17,17749.306640625,11772.8818359375,145896.8125
209,136998902628616.77,6359.7919921875,114417.53125,192920.578125
210,129193654044877.47,48930.375,88886.3046875,200686.65625
211,129321411601343.38,161826.890625,99515.5390625,36916.80078125
212,80945519806890.31,161499.015625,89814.7109375,186042.859375
213,116116784419286.98,69240.6015625,82575.7734375,122667.4921875
214,138947198156554.47,48168.7734375,184974.796875,66772.0625
215,116181470512252.73,6503.2265625,106030.8203125,17114.6328125
216,127733063113559.2,198728.296875,56876.78515625,107177.8203125
217,144810090742175.97,115921.0,93695.6796875,89740.8046875
218,121661840077871.27,169417.390625,53710.0546875,62751.62109375
219,66468168156739.0,51859.28125,57481.484375,203037.234375
220,128017598307868.31,162712.203125,38109.0078125,184838.296875
221,122974577082410.69,185251.4375,73195.2890625,174848.375
222,126042228903712.72,31529.79296875,92648.78125,8534.419921875
223,131011842153823.44,46921.50390625,21378.939453125,52368.7265625
224,122311771686780.34,100161.0,117437.59375,84095.2109375
225,128242103885259.81,69672.921875,98949.3046875,157154.75
226,114129831490349.12,937.1019897460938,200660.078125,200633.546875
227,121109319641275.47,72133.5078125,51989.1796875,43344.515625
228,104807804311522.0,146831.65625,60936.14453125,160673.0625
229,144828485985016.25,157185.65625,128151.21875,13789.810546875
230,134836365953461.77,162942.28125,172769.375,39789.44140625
231,121593203909248.6,110080.75,27368.912109375,126616.0625
232,138538985228447.0,37430.55859375,173546.890625,41364.89453125
233,146538926409802.2,148205.484375,196527.640625,144425.640625
234,160051126088721.6,15435.404296875,12820.9052734375,128701.046875
235,124389468233318.58,130183.75,175300.8125,72413.4375
236,111531135822630.64,12368.349609375,50141.83984375,83419.2421875
237,74851807289360.05,179376.390625,91898.359375,189979.21875
238,67912648834237.52,83818.8203125,200288.0,76139.421875
239,113186664429251.55,47848.94921875,50600.671875,148570.09375
240,70644464934861.23,58317.0859375,13478.8984375,47452.7890625
241,116610615958075.0,43541.421875,74768.203125,147094.15625
242,109316433641035.58,51171.87890625,82008.3046875,35800.38671875
243,117173371992175.97,140228.03125,48824.69921875,60642.12890625
244,124116797682314.73,119744.015625,35182.4921875,24377.921875
245,116268905581082.08,14300.419921875,175974.6875,116102.828125
246,57181904299758.266,103237.8828125,53723.29296875,46336.6015625
247,131623656974276.64,68785.9140625,12035.8720703125,188147.375
248,105788100642161.2,59427.82421875,30588.203125,47762.52734375
249,113038219432757.61,131892.359375,78334.765625,11086.0751953125
250,78968420442593.0,160763.109375,39670.19921875,174857.171875
251,119521036026996.61,114432.4609375,195277.171875,131327.140625
252,118042583257215.1,183230.015625,31063.70703125,187635.53125
253,123567074014614.7,150113.90625,68647.40625,137688.6875
254,110979653362119.88,97614.2578125,84686.890625,63568.67578125
255,107881323580971.36,124027.6171875,79236.4453125,180007.203125
256,125519060124188.08,173618.6875,30661.70703125,154615.3125
257,121995635887215.83,204821.5,106180.75,195596.140625
258,114313596506403.16,15856.35546875,7235.95556640625,154586.359375
259,112847260665780.92,115290.6796875,131397.375,179702.140625
260,66928957456820.195,153283.953125,30226.03515625,40314.8984375
261,103206841531037.8,183379.203125,114447.4765625,203038.953125
262,116867457373782.11,137931.09375,159215.84375,185441.984375
263,103605208102671.98,21738.171875,108490.0703125,137779.828125
264,60795924386902.125,113339.015625,98748.0625,140258.84375
265,116946098478557.72,179707.984375,133204.84375,51946.06640625
266,86725085979019.05,174887.71875,110286.5,22983.927734375
267,101806864078184.97,186087.078125,109840.5859375,190187.734375
268,101358335870608.2,87985.7109375,202369.078125,47219.18359375
269,90008932360865.08,35739.20703125,137322.0625,170205.875
270,111056968164120.17,142997.640625,25999.203125,123494.8203125
271,98774272782421.77,144355.21875,86444.0078125,8969.9501953125
272,126265105435304.11,42419.8984375,96329.7421875,47660.28125
273,80389467368338.5,52327.8515625,82213.109375,133161.5625
274,104744826554196.19,80611.7421875,118093.546875,80540.8203125
275,100861289489223.5,48244.3515625,96199.5625,36406.9765625
276,106887043405853.27,138348.8125,39012.828125,116967.1171875
277,111711844575767.64,70696.5234375,179683.015625,53879.3671875
278,120271557609979.33,164808.53125,27429.416015625,39750.9609375
279,118847872495017.72,34273.671875,85607.5390625,147846.625
280,87607639561651.17,69393.375,158541.703125,204782.578125
281,95220329165282.7,156805.859375,101595.2265625,180114.46875
282,80834182455436.22,161774.4375,40315.18359375,168735.15625
283,102168360874298.8,182562.734375,104674.2109375,198540.265625
284,109812225801317.53,99600.40625,151569.859375,126177.234375
285,131206405004428.7,140351.203125,60184.50390625,69900.609375
286,113904626720733.69,69948.8671875,200454.921875,76555.03125
287,90832198767807.06,180399.515625,100577.4765625,194409.5625
288,106871891838278.72,21988.955078125,172554.59375,120392.671875
289,82948431618135.52,37733.56640625,100791.046875,185783.03125
290,60722775905576.47,41003.015625,93053.2109375,15303.888671875
291,91769181221397.98,9323.1220703125,194119.203125,45514.8359375
292,88006337708979.19,101169.7421875,17612.81640625,29664.2578125
293,100814083201856.36,52569.23046875,61860.234375,11085.5634765625
294,50851093536638.25,40331.0546875,92443.8359375,82747.4609375
295,115491000170689.4,58545.671875,10639.1220703125,72317.0078125
296,79690138189216.12,29140.501953125,89499.8515625,78673.578125
297,98328015147531.0,160542.1875,100322.734375,40060.0546875
298,100322039288548.12,53207.50390625,54134.35546875,204930.234375
299,108280245181484.36,126910.1796875,79033.875,182938.234375
300,91905970611437.11,161693.265625,44797.81640625,159238.6875
301,78486158012252.73,124453.6484375,79964.1953125,12538.412109375
302,125426608170947.73,139669.6875,164870.109375,177069.875
303,106752690376347.06,85499.859375,19088.52734375,108177.015625
304,64784952979683.35,21471.755859375,93429.34375,194332.921875
305,106751421738909.8,181689.4375,185109.40625,165687.1875
306,108786647763968.84,196888.0625,14989.9404296875,64508.2578125
307,100631759819253.77,51845.75390625,189628.0625,86815.1875
308,100990423805635.52,23184.65625,181097.125,125409.2890625
309,102281824635093.73,22076.412109375,118069.4609375,8247.857421875
310,87421034527697.81,62781.35546875,17229.40625,113079.953125
311,85799355474516.53,132309.234375,135215.71875,167342.53125
312,90020342889633.16,17634.58984375,155358.40625,149500.484375
313,106644214667294.06,164361.3125,122138.9140625,40865.9296875
314,116380149226361.83,12602.5068359375,46745.765625,91175.0625
315,87792565092633.6,67707.953125,107771.7890625,54027.9375
316,45303623142022.805,134242.6875,29514.12890625,143893.71875
317,108471881516183.2,28293.478515625,180606.515625,40661.0234375
318,58181100444945.75,146715.890625,28462.638671875,148917.65625
319,95636189958850.02,127316.1875,73895.4453125,990.1947021484375
320,107388263316079.86,107164.6640625,100220.609375,136933.875
321,68799851684750.516,140934.15625,61256.44140625,135045.75
322,55327235656323.81,166964.9375,17247.28515625,52968.7890625
323,98153570291740.48,177945.296875,60002.1640625,117655.8671875
324,90568048270501.19,27108.697265625,17516.8515625,138585.125
325,43680026716351.125,30157.77734375,80631.515625,95756.5234375
326,99792794024025.69,20510.25390625,66117.5703125,183707.609375
327,99669909188625.62,54905.52734375,134664.34375,91844.6328125
328,86779594139817.69,96074.3515625,127838.359375,110122.046875
329,98934899581580.31,110897.5078125,30617.416015625,155579.453125
330,62948297546224.53,24645.91796875,42621.91796875,111188.9765625
331,72077657622435.05,75115.15625,38604.609375,154272.21875
332,99754540280391.94,143516.359375,137678.21875,33844.9765625
333,84277797864537.2,179509.171875,99323.140625,166202.3125
334,104113520849479.62,109207.203125,49508.046875,179173.6875
335,52758298907126.516,15864.4482421875,194599.109375,133703.109375
336,101111643554399.17,54722.078125,839.6610717773438,136942.515625
337,96431452635997.94,31032.6796875,58484.40234375,170814.5625
338,84481680875405.97,154495.390625,51822.5625,73300.75
339,30564961012464.938,94927.0234375,112742.28125,9238.91015625
340,114998098485477.56,192817.40625,197016.46875,49834.65234375
341,95518415714035.28,58506.60546875,129686.421875,66340.75
342,63594286287643.93,7274.67919921875,124593.4375,71163.046875
343,105406017320360.94,133656.703125,159445.6875,124019.453125
344,93962640934086.22,185731.890625,60649.05859375,105299.1015625
345,97338081497268.97,3242.626220703125,6783.572265625,32749.83984375
346,41210869022411.055,187152.34375,106923.7265625,133611.171875
347,51592958110745.125,23995.603515625,45583.34765625,184654.8125
348,104674964997139.8,87603.0859375,75424.6953125,85381.1953125
349,74078810640869.5,23327.53125,89670.3515625,85451.2578125
350,93156904789913.64,93396.6484375,132064.953125,179447.21875
351,97704797006476.97,145248.671875,54343.55859375,66815.4765625
352,94567860281499.11,44412.63671875,30304.119140625,194385.1875
353,86192755618910.55,135024.015625,75981.046875,10508.0830078125
354,97267232421298.34,104471.9140625,29489.60546875,55351.1796875
355,98771396723686.16,29419.412109375,101651.03125,108450.4921875
356,95938349122102.89,172668.0,45432.85546875,140468.4375
357,94136631675339.53,158209.375,32502.083984375,189346.546875
358,79309164925173.45,19178.068359375,86866.3203125,136612.828125
359,39266109100512.99,101966.203125,41190.82421875,44614.1875
360,96995052025668.0,45919.3671875,64448.5390625,144401.3125
361,61291637257344.26,25607.189453125,61306.3984375,183474.296875
362,91775336996235.61,8593.0576171875,152022.84375,95978.6171875
363,90174648126107.17,84472.8671875,108424.796875,102052.1875
364,82055548731823.89,110272.640625,90038.0625,84505.625
365,96600404868338.5,76485.125,27282.515625,128680.9609375
366,40676657330648.44,109921.8125,82564.796875,70623.34375
367,99850293574236.05,187973.84375,191295.09375,65028.56640625
368,88182570190249.48,132802.421875,7203.95458984375,193790.3125
369,93300700518526.72,202708.453125,150882.515625,160955.828125
370,105982216586396.52,153484.046875,125549.484375,55280.34765625
371,79526628123154.7,112830.9453125,204653.65625,26122.171875
372,95095382794047.1,4087.31884765625,59320.203125,43407.0078125
373,80262430628598.31,121387.703125,164288.3125,133759.453125
374,88938209571984.8,93804.1796875,125219.0,115970.671875
375,94402108475420.72,43745.28515625,168491.015625,98305.1328125
376,86114237052978.3,152988.28125,146754.3125,58353.70703125
377,84586502043659.58,93818.015625,187061.65625,66663.5390625
378,51961933380388.25,107330.3125,151073.65625,140063.4375
379,91157589854129.77,178288.671875,143546.796875,128137.8203125
380,99527389305617.06,73576.7109375,2024.375732421875,22981.15625
381,49719699603954.46,37412.83984375,81944.4765625,152667.125
382,46788963315618.54,30300.267578125,78912.046875,142465.703125
383,92625597989555.66,19233.509765625,82713.4453125,129680.8515625
384,62224064149228.67,124568.5859375,88996.765625,42957.640625
385,66410315406333.04,189467.875,6142.02587890625,10225.375
386,83476242457373.78,123597.2109375,72119.046875,190006.28125
387,88921580330122.53,39392.8125,20114.58984375,195205.546875
388,88666685119574.84,79703.7578125,191715.546875,135904.296875
389,78092332585990.55,148788.1875,178737.875,138872.140625
390,71213355119298.05,164969.71875,37102.98046875,161699.34375
392,64449758785890.91,6681.69873046875,197090.125,190870.59375
393,83177096308034.39,138521.265625,32027.515625,146897.9375
394,76312398220678.33,34919.8125,54258.21484375,186309.203125
395,80091092492895.62,94954.5859375,112904.34375,4594.22412109375
396,78186968613909.8,168422.625,93425.5234375,10696.419921875
397,89933931380554.33,13207.2841796875,181116.484375,2552.617431640625
398,58272453152679.36,52311.828125,36006.578125,169270.03125
399,61582494014337.91,177038.5625,192713.296875,84642.9140625
400,67376317941301.3,6812.3720703125,150598.515625,80392.6484375
401,79129710393139.2,22927.724609375,22790.7890625,123220.3828125
402,83280591173512.7,23569.37109375,165032.125,67852.921875
403,101777598919120.9,62154.2734375,27325.51953125,23422.064453125
404,73948919466895.48,165648.1875,121826.3359375,127634.8125
405,77950886719903.31,18318.08984375,82325.28125,201764.640625
406,88225624573276.5,127919.71875,175922.796875,176204.0
407,75625034599202.83,167050.09375,43956.33984375,154342.25
409,73192537643932.69,42875.8515625,106785.046875,149839.21875
410,62775207825878.36,184314.671875,58459.71484375,107729.2578125
411,84143315088020.38,136905.453125,184604.5625,125517.7734375
412,81883475363060.97,185876.03125,115340.046875,167881.875
413,42628701105559.86,93786.171875,143902.25,133441.796875
414,81897242962522.14,188099.734375,112094.5234375,5889.57470703125
415,94470067076321.23,146195.890625,193598.875,53721.015625
416,90803719298974.02,96340.15625,61303.92578125,18395.234375
417,58278158417063.41,137432.671875,85574.6875,64771.19140625
418,64368443451062.89,152227.0,70726.765625,74506.7265625
419,79921823101195.75,56480.90234375,188140.953125,80969.59375
420,64300744344183.64,162817.765625,79856.2890625,193798.34375
421,50628602641995.125,80467.8203125,26358.36328125,14864.2783203125
422,87033869447981.25,73648.46875,155077.484375,82841.71875
424,75413712759724.69,113205.25,84042.6171875,75134.8359375
425,82747561621180.25,113232.234375,71819.4765625,58693.8203125
427,64184072948959.26,101676.8125,11852.3515625,32252.001953125
428,74963699669692.94,96182.03125,26962.06640625,144111.765625
429,76324334945656.19,46101.5703125,164491.296875,100586.59375
430,67993502846361.086,60260.49609375,55204.33984375,49430.83984375
431,79943526892807.06,132446.578125,190933.25,13819.2265625
432,71766452209274.44,60322.5234375,184309.578125,89052.1953125
433,87615337884281.81,92312.5390625,46295.8203125,127137.9375
434,98583760921815.03,202203.203125,87077.0546875,199635.34375
435,70737234047460.88,2337.662109375,143239.921875,151267.609375
436,73994626455473.12,132029.046875,62104.51953125,155767.140625
437,84636800634780.05,204254.453125,64428.55859375,104166.0859375
438,58306320726537.125,23198.205078125,20031.388671875,135459.484375
439,67240573735514.47,5856.4853515625,101020.0234375,133763.375
440,72182579705030.27,188654.390625,200831.65625,143970.9375
441,85749251503912.02,45583.328125,198789.515625,23774.705078125
442,78141225584495.86,108609.078125,91432.3828125,89601.8828125
443,73996882611824.62,100635.421875,74674.6328125,116070.25
444,57526714188671.76,152363.375,69955.0234375,159374.3125
445,75292428137455.72,74379.1796875,109059.2421875,134105.96875
446,80648579356731.62,24600.91015625,89519.2734375,1606.359375
447,82554036746660.02,46352.01953125,110703.609375,177380.203125
448,52727592114611.016,138471.796875,61210.44921875,125553.2109375
449,65302593094921.76,167951.734375,28086.923828125,153107.71875
450,82344769234850.16,143748.1875,18863.421875,43146.19140625
451,71111301887271.19,135052.359375,85362.3515625,66832.5859375
452,83274983219386.62,66432.25,158911.765625,96672.921875
453,73799335579974.9,139908.59375,69401.515625,7370.0869140625
454,64366417956063.625,27488.595703125,118070.6875,34834.0703125
455,74523828470992.03,1764.188720703125,142903.75,153239.265625
456,47788844236695.45,25990.849609375,121506.9375,44114.13671875
457,66661628157753.914,35539.0703125,43942.4140625,136097.046875
458,69916231005037.64,90828.625,45855.921875,171906.640625
459,68899814548272.805,202037.640625,161085.28125,99311.6171875
460,83227985968869.94,2897.8310546875,173112.9375,86822.3203125
461,49523799638323.0,37232.0546875,147633.890625,164922.9375
462,52860946812952.09,13277.7548828125,1971.8570556640625,182328.0
463,77874645934824.33,43651.5859375,195741.890625,96365.15625
464,80022398658934.89,167728.484375,87684.953125,192521.765625
465,72803008285355.77,135255.0,74179.3046875,102886.5078125
466,77726085607654.27,74883.5625,110931.5390625,158529.421875
467,73059777619390.31,156993.5,70394.125,93059.9453125
468,83746325276332.3,83220.671875,127732.6953125,190860.390625
469,79334876457779.75,77159.6328125,116787.609375,170899.890625
470,47733665716341.9,161477.375,100211.046875,50505.2578125
471,79567700260186.0,58285.3984375,110738.6875,84359.859375
472,60205622341627.914,64799.796875,176257.140625,90766.375
473,81075547936042.22,140759.953125,76308.5859375,57550.078125
474,66994991477063.03,85736.0078125,2454.8994140625,54912.68359375
476,57868320047239.445,200413.03125,100354.0234375,116216.703125
477,69018331234315.03,84180.546875,199703.09375,142353.78125
478,77737135728059.48,78121.78125,201857.40625,133425.359375
479,74532629643213.02,166901.671875,46413.84375,164389.453125
480,72573738109407.3,185234.171875,141448.296875,134753.453125
481,56581853208268.75,155660.171875,161909.46875,166377.84375
482,71825357352099.94,8714.8447265625,148685.109375,93158.2109375
483,47938525433874.0,40618.78515625,74963.828125,164013.15625
484,65879642924693.68,20636.958984375,17492.94140625,141173.0625
485,69490624769338.65,134446.234375,56009.08984375,66467.75
486,75380238030982.44,60391.06640625,122598.75,81221.8203125
487,68941131762990.84,98353.1875,65451.6171875,5516.32958984375
489,63187060878450.695,146769.265625,70887.1875,90362.96875
490,70984921090751.4,12333.3056640625,196221.125,134195.484375
491,74550289652993.06,121851.1328125,35864.2578125,144506.6875
492,75051682559233.83,27940.26953125,37671.8046875,111733.484375
493,65074223939880.42,154232.359375,159110.265625,101418.3046875
494,67602265152144.23,184421.65625,34349.62109375,200666.34375
495,79554682310119.58,119335.484375,198855.875,146536.828125
496,49817002653758.86,88539.3359375,85250.5546875,43064.265625
497,71601976248800.56,177167.28125,132575.09375,58367.234375
498,59842420813957.78,45298.5546875,16337.3583984375,23244.365234375
499,50880683063228.89,156124.453125,186940.96875,151387.59375
500,66963080920615.586,154265.265625,74928.3984375,15464.0185546875
501,73331093034949.81,113232.2734375,5493.99267578125,141945.015625
502,61252619447981.25,26638.587890625,65537.6171875,191640.515625
503,40799783639651.61,30920.0546875,125783.8203125,138528.8125
504,72348951413492.77,78310.5625,38833.1484375,160290.75
505,44539989902799.305,84937.1328125,132380.71875,183243.90625
506,65639646995866.55,101789.8359375,80119.3125,111819.6953125
507,68217352480532.18,121998.6796875,56338.87890625,31058.470703125
508,80039063941633.45,187782.625,162904.96875,55246.69140625
509,48235415426861.9,42156.03515625,75633.34375,158041.46875
510,77027051963389.44,74769.7890625,9476.958984375,28597.27734375
511,29546600152582.484,37572.39453125,97370.984375,108361.703125
512,60769174878210.805,3542.9990234375,167102.625,89043.3203125
513,26885525005420.543,61420.44140625,42710.31640625,121328.1328125
514,35139952333831.562,160566.90625,168971.59375,42938.69921875
515,71033381599221.28,51818.5625,100557.1484375,195477.5
516,56644758883921.984,169936.265625,81204.0,171633.671875
517,62366238040208.89,35407.0078125,169880.3125,57372.59375
518,72347495363706.81,22706.52734375,199304.40625,158536.046875
519,77486183385001.47,26830.447265625,146496.109375,132425.046875
520,58895718146820.56,117305.2109375,74295.3203125,196290.328125
521,66945118167810.75,5424.03759765625,111530.703125,79467.1796875
522,73626209818792.44,177401.84375,56259.828125,170967.109375
523,70654570785355.77,85441.0859375,88569.34375,43667.0
524,74397296302959.84,105394.09375,86697.84375,76956.6328125
525,57845855793982.51,158434.1875,102564.421875,70653.4453125
526,49369952120469.81,26492.2578125,178530.609375,17085.09765625
527,70330671789655.3,54648.1796875,143560.1875,31988.64453125
528,60995561787256.42,81553.2421875,161163.109375,165454.96875
529,67251414819069.234,186977.578125,195819.453125,50719.6875
530,71088552911407.6,64714.87890625,184543.578125,56104.8125
531,47580232668105.99,74309.8046875,135224.953125,37646.49609375
532,32159202176981.844,195869.546875,18280.974609375,58353.1640625
533,75927712750498.23,87134.421875,131387.046875,40886.6015625
534,63930922114887.805,16335.28515625,150810.65625,109232.0390625
535,57791819768139.21,98443.5234375,60704.59765625,107307.2578125
536,71513013048512.7,183285.703125,5003.7724609375,5749.900390625
537,71142390712651.31,117660.2109375,146098.078125,198073.203125
538,75706659885222.9,138333.34375,181972.140625,12898.609375
539,62603912939179.21,33025.21875,50412.54296875,131124.90625
540,64589251238651.46,50472.015625,145287.359375,76008.078125
541,71958045294969.73,194005.625,183956.6875,83091.828125
542,64965049038603.484,142117.46875,204065.6875,143934.953125
543,67936565533196.78,163616.78125,106326.6328125,193683.53125
544,61417117032956.89,159615.515625,12801.7724609375,120683.15625
545,49718398529764.54,104995.1015625,60227.08984375,188436.875
548,75069075866825.36,148522.53125,125199.7578125,62392.23828125
549,50785257740994.984,26474.765625,204925.40625,188968.203125
550,57694942000202.984,198017.46875,124399.5,143036.25
551,55684209327483.76,111307.359375,40079.06640625,129319.796875
552,53652410785955.49,180978.296875,104129.5625,131013.5
553,57666228265934.086,96140.203125,108535.3359375,5208.30859375
554,70259664134005.016,186520.46875,7230.7529296875,169849.34375
555,77279467564400.66,111121.1015625,49528.02734375,180590.984375
556,66434203272623.266,96460.28125,189377.953125,137450.53125
557,65727795673254.35,186694.734375,94647.4453125,107928.8203125
558,39277753894716.93,91749.8125,204950.046875,43308.48046875
559,44137399345152.42,60806.515625,139635.46875,110012.21875
560,46008996369390.31,69563.296875,149441.046875,155646.9375
561,55063553689889.65,61151.8203125,177506.671875,51155.5234375
562,75438624185765.42,79789.21875,156931.609375,9691.5751953125
563,50049902141921.32,189700.234375,198728.453125,157035.0625
564,70351914258562.15,42657.203125,96820.2265625,20219.01171875
565,71945394961433.42,136735.125,29166.81640625,61110.328125
566,76039432134816.95,154765.890625,86882.7265625,59220.765625
567,82464417603151.75,57790.40625,98989.1171875,197237.8125
568,62956709477413.64,16207.1591796875,71992.125,108809.1171875
569,61643864350365.37,28091.462890625,75825.0859375,136524.015625
572,61411213543973.28,56030.13671875,114292.453125,17713.0703125
573,59778145586525.69,84110.46875,3003.62646484375,196327.015625
574,73404623549140.1,197886.609375,8683.345703125,190375.453125
575,73962924935876.14,59934.7890625,83239.0234375,191935.421875
576,54804921044619.13,37489.3125,6268.2490234375,176557.890625
577,63530558880923.38,111069.1015625,39271.01171875,104905.1953125
578,64169807985957.336,43653.6953125,140767.40625,197507.53125
579,68386391210879.836,96900.7109375,129759.8125,112299.09375
583,64927415197353.85,86972.9921875,140404.671875,26597.470703125
584,73260006089459.7,10793.2705078125,87650.328125,18496.4609375
585,59799124957327.65,157734.90625,176146.171875,63860.7890625
586,62630035337319.164,17945.25390625,84943.625,144946.0625
587,54796573986935.34,85842.6328125,136412.125,177779.6875
588,64427017018194.57,87787.234375,90889.5859375,38711.2734375
589,76261890592707.4,100293.703125,70647.796875,195875.109375
590,67743256903694.27,191760.34375,136801.515625,185554.421875
591,49986185547451.66,191429.828125,6545.7119140625,3199.602783203125
592,66619200885278.27,31326.240234375,11345.9345703125,2112.88525390625
593,74121958730070.86,27773.19921875,45183.56640625,178141.234375
594,68042121934510.625,151206.328125,71590.171875,203213.9375
595,31390905253542.957,175974.75,81953.609375,4286.6474609375
596,58979113037902.27,201048.859375,128696.15625,142916.265625
597,66684290635610.42,93757.4765625,47528.57421875,174410.984375
598,61187320660798.64,104879.6328125,198208.09375,127134.5234375
599,63776905205104.07,110748.6328125,2657.333984375,26091.365234375
600,63358730589847.21,105164.359375,196691.484375,101331.2265625
601,72005806611215.67,175006.0625,106459.9296875,7086.75
603,62055933647955.414,123009.40625,34059.09375,168616.5625
604,64873649477782.695,155442.828125,52977.81640625,157417.4375
605,61406232700398.586,172363.609375,178524.234375,163630.796875
606,66377323624797.016,32678.056640625,31169.705078125,144405.046875
607,60780801651996.6,2108.05517578125,41149.86328125,102476.90625
608,68446521742139.06,91828.8203125,99531.5,28572.26171875
609,51371595294277.75,110871.25,150800.171875,63716.84375
610,60040814805460.22,36326.23046875,141431.609375,193029.640625
611,68188642350346.914,167369.96875,100246.2734375,9476.9794921875
612,54145863895962.5,56926.140625,28366.541015625,152273.78125
613,44262511504234.945,15168.2607421875,86773.734375,147548.140625
614,52148927655373.484,40611.18359375,175023.453125,41892.28515625
615,53642564429482.21,49366.7578125,188093.4375,74621.2109375
616,52349397599045.984,27274.87890625,36399.5546875,141891.5625
617,34264480775529.598,82806.890625,17933.154296875,107374.2578125
618,61449856528638.914,51201.6484375,85447.25,151860.703125
619,71246541521350.02,50666.61328125,65447.93359375,4427.111328125
620,68789262887049.75,95322.265625,69646.9375,118417.3828125
621,64686165047423.98,108700.75,79213.3046875,60385.9140625
622,61235557716083.555,103614.65625,185273.140625,89138.0
623,29950325996572.37,183417.921875,127732.4609375,6935.47900390625
624,47573287598953.72,168595.890625,172604.265625,159176.671875
625,42342129604000.59,203946.796875,150772.5625,157636.203125
626,44822802345133.97,67030.765625,118913.6796875,45965.78515625
627,62511035704070.71,79348.78125,104531.9921875,151366.734375
628,45566551854978.59,97306.703125,4446.5478515625,42250.46484375
629,56552216828590.94,174903.984375,170485.4375,129224.46875
630,73435885370534.39,23587.7578125,96370.1015625,181460.28125
631,42157650979388.1,156042.84375,99553.2578125,171341.609375
632,52681975228124.08,4268.67724609375,106587.5234375,26370.80859375
633,54819413064889.65,85393.8203125,2336.258544921875,148271.484375
634,61869364654838.35,100299.875,64869.32421875,190970.953125
635,56298792084163.71,55510.12890625,61130.70703125,131003.046875
636,43971139363282.41,43713.30078125,166948.859375,47822.98046875
637,57143733450047.98,86964.28125,112797.90625,143143.453125
638,50350677337060.82,112892.75,78664.1328125,56942.9609375
639,61046631652273.4,6438.724609375,106730.9453125,23996.505859375
640,60992930806207.555,4008.52783203125,201838.421875,31333.169921875
641,54070909768738.93,133107.609375,60344.15234375,127884.9453125
642,40866697056299.82,138598.640625,1382.6754150390625,2550.4248046875
643,43017451982073.0,65589.15625,192516.046875,102806.1171875
644,58801698417201.805,885.170166015625,104783.109375,199426.734375
645,39951548141330.82,69920.421875,63861.9140625,41830.32421875
646,38740078678587.24,19507.564453125,16071.1826171875,131882.46875
647,65382632584145.26,90687.7109375,30722.07421875,101323.9453125
648,38503780539563.03,99041.296875,65459.3828125,196634.53125
649,32881651552581.562,91295.96875,86659.125,35271.3515625
650,42716161402974.61,159245.21875,127249.1484375,154294.671875
651,60349007204707.336,119307.2734375,88697.90625,107914.9375
652,55162741675431.8,60536.75,33445.796875,43265.25
653,52880268305284.914,124942.3203125,160799.265625,41141.82421875
654,63316137529524.66,175326.453125,142267.34375,137584.109375
655,58219739825527.75,8451.2109375,102985.890625,191104.96875
656,54652172772272.66,79446.4765625,158653.25,72338.9921875
657,62052329564326.836,92479.390625,180550.078125,159716.609375
658,52787762290790.16,140493.6875,183557.75,81620.515625
659,35557593544711.4,14848.291015625,11598.14453125,135847.203125
660,56467701067500.734,32598.115234375,50436.015625,191933.578125
661,46589585409285.5,52122.1640625,22944.05078125,152024.078125
662,55736126152153.45,177039.65625,107291.5625,186909.796875
663,45192956150123.63,105261.7890625,4830.10791015625,108538.671875
664,60311351738955.94,107479.390625,176938.21875,186505.640625
665,41173721732451.28,84375.5625,30603.244140625,16176.58984375
666,65041066370497.49,203960.796875,61384.43359375,143738.84375
667,48893650844451.21,106961.015625,89362.9140625,83238.4609375
668,33961265615773.547,161996.75,52405.47265625,84597.671875
669,64378196101361.83,194464.28125,165203.9375,47652.95703125
670,49950786238051.74,115233.375,139079.78125,198293.1875
671,61239132967043.11,131421.875,151201.734375,96401.3203125
672,54302472141875.19,151301.09375,155531.53125,6857.41259765625
673,60737213864592.56,144632.546875,178511.46875,24220.8984375
674,58282800476777.016,49892.0,87916.2421875,29538.66015625
675,57136910919739.08,104642.015625,151810.625,161312.125
676,59100148978400.87,164636.515625,95894.6328125,185684.0
679,54987810268351.414,32220.12890625,40057.671875,152430.3125
680,52192432548854.08,173905.8125,31394.705078125,9264.701171875
681,54946723714985.61,127851.7578125,130851.421875,22719.69140625
682,57616026985071.59,142511.09375,101562.3515625,9890.6376953125
683,16996114149113.338,196915.5,125731.7109375,138558.703125
684,61184141859038.234,131489.984375,143120.90625,53535.88671875
685,49596284968261.0,202427.46875,200614.265625,157199.421875
686,55535926514753.1,76742.5625,94887.265625,9055.599609375
687,57110647962337.62,122239.875,197483.75,24433.03515625
688,42204273405207.414,196954.203125,183106.984375,86903.828125
689,38218654275538.83,146392.9375,47415.40625,147492.171875
690,51297603457383.01,138229.078125,33521.97265625,36447.703125
691,59062111479784.836,29196.7265625,49854.34765625,129990.8359375
692,60821354800985.38,149356.890625,140766.59375,126791.140625
693,38956431818810.89,11386.703125,179103.53125,50495.78125
694,42723549774413.195,31044.171875,80843.546875,167279.671875
695,44723805376024.13,105652.7578125,191862.890625,158092.953125
696,55055066072944.34,67038.171875,41896.21484375,155340.234375
697,55324035230061.63,105222.171875,45466.296875,126288.2578125
698,56846443403777.31,115494.703125,128883.3046875,185946.234375
699,51990365996134.12,82554.78125,183920.140625,162437.453125
701,34115624913501.992,174047.484375,22943.853515625,135502.75
702,51732421730836.66,25090.54296875,20509.990234375,136682.140625
703,55955856318737.086,122243.265625,47697.30859375,15776.166015625
704,52964275890583.484,109752.609375,11177.1826171875,8187.4814453125
705,49795742164433.87,163766.984375,122686.9921875,163621.703125
706,29493270527130.387,151938.90625,163398.671875,9938.95703125
707,54530978252094.41,14330.607421875,158062.28125,181588.546875
708,33299905457678.254,121709.7265625,178141.8125,35806.71484375
709,43736008947353.85,63727.6875,34168.625,163916.796875
710,50687223062213.98,45296.30859375,104453.546875,168781.15625
711,51013043034488.484,174452.40625,148599.1875,166849.953125
712,32921062207060.082,189557.40625,9641.388671875,184993.984375
713,33215724876365.516,5389.07470703125,119276.234375,73989.9296875
714,52639111861529.375,40416.22265625,172026.671875,53903.96484375
715,47572055002352.74,174092.4375,182693.09375,135824.40625
716,60128941858346.25,67980.8671875,196248.890625,141637.703125
718,48454720311577.35,117429.1171875,94540.7421875,91798.0234375
719,52121879007740.99,24437.26171875,86508.46875,186242.15625
720,65577829753469.15,154954.8125,33363.12890625,119857.5078125
721,49137528371346.32,37009.37890625,174664.796875,95147.890625
722,49357132395002.95,51803.76953125,92836.3125,11876.830078125
723,42922059096591.75,130348.8515625,16146.361328125,10848.6630859375
724,49248552167524.73,45888.2265625,104293.7265625,137423.640625
725,39376001214432.016,158878.28125,125894.9140625,157275.0
726,55012761339312.08,5350.3681640625,941.8203735351562,191301.671875
727,56352438868975.125,114642.6875,119244.65625,10615.462890625
728,58706781270759.52,79135.40625,54940.22265625,111806.171875
730,46969891917856.88,138904.3125,151632.671875,46025.45703125
731,39293929022042.0,58375.00390625,180018.125,14315.171875
732,56478927788003.766,93926.4921875,150550.640625,25164.548828125
733,64120021174712.13,128255.6328125,121877.3671875,82556.125
734,54984577405336.58,124136.296875,91155.9609375,105721.28125
736,43419739796695.086,115797.453125,161765.265625,123048.0
737,42574084822252.36,63147.5234375,46144.78515625,154453.375
738,38245883127352.74,28648.365234375,165806.171875,9415.486328125
739,56257193750922.65,60061.52734375,130042.765625,130899.2265625
740,48241243230089.31,189390.890625,112807.421875,175651.546875
741,42069246412062.664,32584.435546875,83275.640625,126588.4765625
742,34414767458757.75,23024.50390625,87361.4140625,70214.6875
743,53093348937573.81,109894.3125,187079.78125,29129.98828125
744,56046052115625.92,104007.953125,189169.953125,92068.1875
745,58659153305607.836,60355.328125,160772.265625,168320.078125
746,40137097178781.0,182958.140625,105628.9453125,132610.015625
747,45948876650381.98,125664.875,168073.515625,38491.890625
748,55078762922802.26,38654.83984375,144293.421875,167123.59375
749,61747842163049.9,9180.6181640625,3687.74072265625,179235.265625
750,54375058386154.78,62046.23828125,61435.15625,41114.80859375
751,39887103521968.19,127156.7578125,127747.8046875,84435.3046875
752,17135772389720.807,185421.125,201020.71875,169097.390625
753,56807746357857.25,132512.828125,186396.109375,203298.3125
754,54715698350310.01,56276.70703125,65057.28515625,25747.083984375
755,55567530724092.12,30450.80859375,183369.09375,73422.8984375
757,51282585240902.72,55008.140625,125102.5625,99864.8515625
758,51911076156305.36,130592.5390625,194297.078125,49300.68359375
759,47164260147946.19,42952.515625,69632.2265625,93967.4296875
760,51850632069770.445,85846.8203125,77172.9765625,188351.296875
761,58473604268157.664,117091.6015625,47977.48046875,76611.953125
762,53261861471711.695,149889.34375,91540.7421875,167573.84375
763,26339594635739.594,42383.13671875,153974.515625,79562.390625
774,44282921429823.59,51019.71484375,195628.5,67528.265625
775,48216324595881.31,182137.265625,113890.75,7372.3564453125
776,50299034422746.9,175634.21875,24689.14453125,144763.828125
777,51981150354295.836,57421.8046875,182468.15625,58463.6875
778,53514086056290.59,42329.51171875,64847.13671875,66244.4375
779,52454705318589.46,10375.8046875,45060.4140625,42192.33984375
780,45219990381421.61,198473.15625,198980.375,156195.25
781,52605157789664.52,168751.703125,113948.0859375,31056.30078125
782,49241841363808.31,77752.8671875,70441.3046875,47950.49609375
783,54372063392659.43,60495.8515625,128530.4296875,17439.576171875
784,45327334408215.234,54156.17578125,112782.0234375,115176.421875
785,42367062654543.11,152288.15625,30085.86328125,152325.8125
786,35530999011616.11,174113.125,161729.515625,64850.03125
787,57213551758100.83,112398.4609375,27987.951171875,47013.37890625
788,47498041540956.23,16248.990234375,92836.328125,194227.96875
789,25902370636463.867,98221.7890625,144812.5625,135911.90625
790,26687601346831.637,25755.330078125,45357.36328125,182685.140625
791,50164375046132.27,151712.953125,49689.28125,40446.44921875
792,44348472502860.2,31679.6328125,149458.609375,109899.671875
793,33260884044231.62,43742.6640625,27393.515625,195729.90625
794,29630346441817.98,99206.9375,123023.3984375,81182.359375
795,52661093167580.086,85104.765625,137060.34375,29962.037109375
796,51777937702981.99,181474.78125,83993.40625,12461.3935546875
797,34029177363586.875,183648.015625,58246.3828125,101351.3671875
798,32031862694216.86,100383.40625,183595.46875,155688.65625
799,31951419547626.957,126547.953125,44292.671875,31025.705078125
800,29404947051686.598,62361.03515625,166842.109375,46250.3828125
801,42187903657366.4,19795.134765625,77908.484375,143638.40625
802,48450024190609.31,172941.578125,20855.91015625,123470.5703125
803,52073350021682.164,65915.6015625,134946.03125,159629.84375
804,45640655418465.83,115574.234375,30703.845703125,141478.90625
805,30800614020519.633,50641.5625,65922.34375,7026.97216796875
806,45201494224239.74,198052.0,55270.203125,126960.2734375
807,30569505761920.58,84441.578125,17638.470703125,114190.140625
808,52008872965566.875,15254.44921875,180071.03125,6769.42236328125
809,52002904603077.945,91551.4375,146365.84375,13803.8076171875
810,50800171439050.05,67889.296875,87506.4140625,197473.703125
811,55779631045634.04,63341.1640625,188738.375,44028.32421875
812,24729857713661.61,105723.234375,194239.40625,33338.09375
813,49752860777421.02,117196.5546875,138041.921875,196707.890625
814,41755813675219.586,117095.2734375,201516.640625,25484.880859375
815,38538541926160.69,34804.46484375,96121.3984375,104208.1953125
816,45387591082401.46,46072.33203125,163489.3125,50004.44921875
817,45957778736944.57,67486.671875,57348.5390625,45323.41796875
818,22279880952792.848,22059.6484375,82458.5390625,131555.5
819,30184703159022.55,6293.22705078125,195433.703125,193256.796875
820,46886824998385.37,51811.73828125,66361.984375,192242.125
821,45085273339468.92,20339.80859375,114955.4921875,22632.900390625
822,47765442921695.086,201804.3125,41931.015625,46003.4453125
823,45521886446569.6,160533.015625,36314.68359375,39333.0390625
824,22897444286633.637,48506.08984375,94315.265625,123284.4609375
825,58446206024413.195,164992.375,34416.25,110969.9296875
826,41972765093325.586,84988.9140625,26152.33203125,147638.21875
827,35990162869980.81,42189.6328125,115211.234375,30618.140625
828,51984884184935.05,15874.4814453125,204923.390625,34246.53125
829,35782495571302.04,73324.3203125,146869.96875,135028.953125
830,52060335675699.37,163490.578125,36496.09375,40719.57421875
831,48571189878118.54,176049.84375,77890.21875,5525.47607421875
833,25827265137727.895,58573.234375,123749.484375,113221.1875
834,44745289318534.1,55061.4921875,146432.0625,32909.03515625
835,38440709076062.89,139559.390625,36855.0234375,112361.8046875
836,50298169442676.04,147658.546875,120786.953125,64547.09375
837,36506404600771.33,73651.96875,49077.1484375,37749.94921875
838,47967440996826.1,160217.859375,166624.484375,116895.1640625
839,34658306201791.777,167935.65625,123524.1171875,156179.5
840,39796107618513.805,199.9622039794922,146825.25,156460.609375
841,33558620996872.23,190737.75,93240.6953125,12492.587890625
842,47609696051769.63,158919.4375,54301.11328125,82137.359375
843,38889406675570.195,168573.375,78494.234375,170647.375
844,42405965133230.0,193081.046875,2956.52490234375,188183.359375
845,45861048736437.11,199540.390625,78248.0703125,82182.734375
846,53850296601666.3,128670.9453125,55288.203125,8825.693359375
847,39639376833757.75,85127.2734375,5675.55224609375,150044.84375
848,47155822988171.69,126275.734375,193371.046875,36435.17578125
849,47441086207373.78,16143.2236328125,105378.4609375,187645.21875
850,36240657494417.99,140559.984375,53543.90625,98686.9921875
851,45909584930663.195,121191.9140625,119316.0859375,199502.078125
852,25859516280078.242,96712.359375,9430.8134765625,134096.46875
853,35630907813883.97,84443.734375,159097.0625,126908.03125
854,35482318654044.875,84325.40625,45557.80078125,170886.421875
855,43359454289839.83,142009.5625,105429.0390625,62927.2734375
856,36327933983567.69,61665.6796875,29197.439453125,68996.9765625
857,45056483919443.83,117206.6484375,37909.24609375,22474.59765625
858,37329833191476.6,58681.828125,147833.265625,99613.4375
859,42814033897992.32,16099.55078125,92775.7578125,196048.828125
860,36740298816015.28,119029.671875,68228.875,40698.2109375
861,43509942801751.18,76283.328125,108156.8125,171374.875
862,25014742504082.707,66129.7734375,195948.953125,61974.5546875
863,45554586297331.71,126182.453125,132236.8125,23430.845703125
864,24953959633686.707,196224.328125,148519.78125,188416.25
865,47775797453959.99,66151.109375,148338.609375,37283.3125
866,43967275785632.56,182601.171875,154157.734375,49525.0859375
867,48917315257556.47,179392.359375,159083.546875,50463.6875
868,49420355230015.5,4595.15234375,190222.953125,124494.6796875
869,45268151750950.33,107168.5625,72193.8515625,27828.515625
870,50411690868809.05,198182.046875,62681.375,141894.78125
871,36080347854618.766,39000.8046875,112029.5078125,124377.5703125
872,44670032448285.73,149162.125,27089.263671875,148899.015625
873,49302952205814.51,148733.671875,92380.4921875,87099.6171875
874,37378531569465.98,69415.4453125,106756.296875,54522.86328125
875,44372461283492.03,108191.8671875,142648.75,74665.84375
876,40359097918050.63,177543.6875,191891.421875,43901.40625
877,48391908342098.46,160954.15625,108522.9140625,192844.375
879,35038183824411.35,32136.322265625,184106.765625,73741.4921875
880,55122934571754.13,88799.5625,42436.1015625,36655.35546875
881,40731461026304.62,195158.34375,28377.740234375,197703.765625
882,45428652407181.875,66615.546875,116155.6953125,68840.765625
883,48145580038335.914,92795.6328125,97233.9140625,191652.09375
884,47231187980928.92,112888.828125,63773.72265625,42017.25390625
885,44019369210400.06,149466.0,36348.109375,162123.34375
886,41322235206534.17,121081.6015625,161719.875,119590.5390625
887,42830396437666.08,51911.3828125,95088.0234375,42964.56640625
888,40212707249224.98,171739.0,174291.578125,94006.703125
889,22988132040937.777,169131.5,144747.703125,198881.609375
890,24390304380720.402,66635.515625,83907.9921875,91574.34375
891,42663999500618.17,59758.2109375,28786.333984375,178908.546875
892,48059143300671.69,139267.34375,92922.0546875,24632.62890625
893,22396307270330.492,139646.25,65189.56640625,116240.0078125
894,48088217443303.44,44711.8125,194681.828125,37358.6875
895,45045758166565.17,54118.66796875,124412.7109375,33091.91015625
897,44415144445905.3,182315.6875,39327.01171875,198217.90625
899,18524991652942.316,79580.7734375,120406.0703125,45973.94921875
900,25853472231833.113,10150.7890625,196244.96875,133164.8125
901,44662179150059.05,52499.234375,204505.46875,149972.140625
904,45775451750258.34,95668.4375,4190.81494140625,38474.37109375
905,46172153235256.125,175333.09375,131327.921875,55092.203125
906,43701701675293.4,203074.609375,98102.21875,126603.0390625
907,41198971942353.12,50831.75,87848.9296875,85865.7265625
908,41673737878745.94,94065.1015625,73541.328125,194179.65625
909,32518147281886.625,119388.171875,55297.3828125,37677.9609375
910,48817453308375.77,170535.34375,25748.61328125,192703.671875
911,46986131918687.26,89714.578125,6379.99609375,56348.80859375
912,46594969910226.6,63015.1640625,92385.2578125,3997.840087890625
913,42184811353613.08,179856.640625,88207.8046875,197712.125
914,45777372726832.375,107719.140625,198160.109375,112168.328125
915,43412805539793.695,128359.078125,94160.265625,111118.71875
916,44372284683394.23,75143.8359375,98221.1875,124296.9140625
917,44073725999686.3,48506.9921875,52505.171875,139825.8125
918,36478916254936.16,60075.85546875,1581.0020751953125,76630.5234375
920,40320444121134.12,22621.611328125,133934.671875,45428.32421875
921,29774246688856.29,182006.25,192089.1875,131704.734375
922,37289200752647.99,157890.515625,182610.765625,153209.609375
923,46932604068635.59,71483.3203125,677.055419921875,68863.3984375
924,34439412182609.98,41476.3515625,101637.140625,187885.984375
925,38091455352035.36,117167.375,195539.734375,38035.4296875
926,43106815235643.64,167229.25,162887.703125,65260.1328125
927,50719710272042.0,60256.96875,20202.5625,44533.6484375
928,41442773783492.03,96503.265625,54967.75390625,123551.859375
929,41255300165384.19,56107.375,27843.611328125,82243.3984375
930,44939016021737.52,29842.330078125,10269.9658203125,201035.796875
931,25113000636048.68,149148.875,14315.0546875,70878.5
932,43797710859075.14,101357.7890625,64467.0078125,40046.5703125
933,34514431183338.867,41782.48046875,99911.8671875,189581.984375
934,40366435832318.42,72463.6875,156893.546875,180643.390625
935,46987076188597.945,26100.92578125,10321.564453125,16280.1572265625
936,40387011545753.984,14970.85546875,85738.5078125,84381.4140625
937,36712518539406.19,199555.171875,100577.9453125,81623.1875
938,42465803733715.305,143004.40625,81297.2109375,139311.203125
939,23123281572925.895,47148.00390625,93062.9609375,19455.271484375
940,27167267034917.516,2277.092529296875,102716.125,192621.125
941,38855063362673.46,198959.8125,44365.765625,112142.7265625
942,46609292538566.58,58970.76171875,77413.9921875,125184.9453125
943,38863687934796.65,139552.734375,91172.1328125,17464.28515625
944,41599904621530.85,21708.77734375,188131.984375,62385.359375
945,22963391808869.39,86189.3359375,26516.466796875,104593.125
946,50928999408353.63,108712.6484375,35649.3046875,180803.34375
947,37698776024367.06,18724.001953125,88787.0625,131174.703125
948,36531618769836.875,64677.67578125,153451.25,87217.75
949,27251878304223.87,168422.078125,124214.8125,152788.953125
950,38668451120552.85,103624.328125,25003.7421875,94453.875
951,38785043225937.41,43417.48046875,184726.859375,70446.03125
952,34704142937380.055,147853.46875,48042.671875,148919.921875
953,42904615331829.42,176557.515625,82853.3671875,17581.263671875
954,44869846448737.82,138041.390625,190405.3125,25550.654296875
955,20931058060922.277,39159.234375,113144.6484375,122778.546875
956,29066492964252.105,146890.265625,86394.34375,26072.244140625
957,45228914092485.98,91308.390625,139530.140625,128247.046875
958,34758542975669.84,174692.671875,13335.3095703125,29606.869140625
959,37172904182120.98,29507.576171875,204909.96875,2185.100341796875
960,37619021257750.22,131311.21875,16170.474609375,189107.140625
961,45144888486769.266,11441.9755859375,168170.15625,110067.875
962,34999955309363.004,97476.2890625,185657.265625,69879.6171875
963,42378646179325.36,169507.9375,163297.984375,4868.115234375
964,38233002132464.2,37333.46484375,191587.09375,25541.01171875
965,38872298090585.33,163582.5625,41711.31640625,79669.78125
966,46561924067436.16,42538.171875,23274.28515625,200226.484375
967,38183824411352.23,65829.7890625,200534.671875,77823.09375
968,38998794217781.22,165867.140625,171955.40625,158740.609375
969,42965827088177.22,176090.09375,92025.1015625,192735.75
970,19356408695010.332,11532.9931640625,63812.98046875,126432.375
971,18281220446514.246,84393.7265625,37761.61328125,163692.1875
972,38123099206294.29,174605.046875,97725.5546875,168120.375
973,44615506267068.94,170359.421875,156168.921875,54550.65625
974,35288231542478.59,155154.125,60504.8671875,149661.296875
975,42883016058643.34,67103.0625,106716.3515625,11967.5185546875
976,37686223001088.72,88590.265625,191937.03125,62226.7890625
977,25847698489860.125,62070.37890625,97158.640625,110300.453125
978,44909246290965.45,64758.9375,150444.375,87586.921875
979,39387072959339.016,107801.1015625,58772.98828125,188030.734375
980,42988763476389.5,160797.875,193360.71875,147098.296875
981,40483399158316.73,188292.40625,141004.71875,91090.828125
982,37487003674435.34,81033.3359375,148079.25,193300.109375
983,35174843467439.844,78167.09375,74795.7734375,83238.6796875
984,29732774498542.22,55344.984375,204165.125,50185.47265625
985,28384994988882.12,14898.697265625,112188.625,20118.62890625
986,31182700946403.527,87920.046875,104703.7890625,85369.5
987,23991269251573.11,193100.21875,110056.90625,181216.890625
988,35434326676446.71,36142.21875,148511.71875,158728.109375
989,40107049933569.53,17948.78515625,161820.21875,202749.40625
990,24839306525294.324,41494.0078125,188145.890625,1955.734375
991,36802238597256.055,119618.484375,182542.609375,34627.90625
992,41762938948553.29,51821.6953125,155295.859375,69777.7734375
993,24890322329056.87,144799.234375,149898.390625,133989.140625
994,39549678400409.66,95290.890625,129175.8515625,132402.40625
995,41645860291878.875,151383.078125,154213.8125,94894.5703125
996,32063063246189.473,158889.734375,85936.0546875,15850.1884765625
997,38187969107525.09,13118.19921875,97723.0390625,5918.728515625
998,40865529333204.164,38680.1171875,110523.0234375,179465.75
999,35774955828351.05,88802.65625,9620.07421875,196823.8125
1000,30967133496410.91,24682.6015625,114621.265625,19374.17578125
1001,38597695750756.57,50825.65234375,67792.4765625,202286.8125
1002,41327655748311.56,113502.1953125,50765.60546875,27147.193359375
1003,27205958674712.133,58552.19140625,95613.4375,153222.265625
1004,39399409737599.65,17590.68359375,173929.9375,117512.09375
1005,19919618843648.508,115817.0234375,150102.953125,69499.8125
1006,38539158224461.17,185464.25,81810.671875,201075.125
1007,44479826934787.42,99753.71875,3790.906494140625,163561.15625
1008,36420814822759.82,43398.52734375,189520.28125,94613.8671875
1009,33992231902310.305,36637.74609375,180434.046875,92842.5546875
1010,43189633473344.77,86745.421875,119151.2890625,195366.21875
1011,42055305816587.32,8479.4541015625,49002.96484375,75608.0
1012,43615416309141.57,22426.296875,101228.1640625,118936.578125
1013,38379371176788.086,194717.375,111694.375,132207.421875
1014,42505423425044.29,148456.921875,185480.0625,29190.162109375
1015,42936641218952.984,85338.3984375,154449.96875,141537.53125
1016,42347416794683.72,92360.2734375,199925.078125,138019.34375
1017,41162206685257.97,55731.9375,122376.4765625,29096.068359375
1018,30255921653565.1,6389.27490234375,158330.5625,74374.9765625
1019,40530691943690.95,35136.703125,154106.59375,200576.953125
1020,34816449787330.234,165721.9375,54789.359375,24014.837890625
1021,42559156707862.78,54874.69140625,175821.015625,100900.8984375
1022,43654581885933.35,63113.23828125,50145.24609375,86386.640625
1023,40487190654293.99,78187.4765625,13165.23046875,166560.234375
1024,38744425203443.31,177940.125,164039.109375,136031.140625
1025,41680167563939.33,32279.46875,103319.46875,154025.71875
1026,41776717360265.35,132806.8125,51803.859375,31639.55078125
1027,44294173378912.016,121336.640625,149818.875,58370.78515625
1028,38908346135038.38,152797.3125,152663.75,15335.95703125
1029,22056757541472.91,154601.34375,5266.056640625,118150.40625
1030,37313016537265.65,139939.859375,22010.88671875,143205.109375
1031,41436953188431.875,35949.94921875,89753.0390625,146401.015625
1032,38203286462946.56,128182.4140625,198103.703125,41567.20703125
1033,33880007946283.586,50356.89453125,140323.484375,870.8489379882812
1034,26976728143683.57,86779.75,80788.1640625,189681.609375
1035,45099725714819.53,152308.828125,27896.30859375,149709.8125
1036,26848678656443.754,105766.9765625,200563.328125,140004.078125
1037,39767383071994.02,3874.783203125,198669.75,109068.75
1038,39938735624031.22,41664.0234375,73368.1171875,92734.46875
1039,17952360429699.03,112142.328125,31192.76171875,165096.921875
1040,31443798784875.996,88916.34375,4562.88720703125,75067.890625
1041,28719479178199.734,51170.0703125,13182.8505859375,26274.962890625
1042,39596535091664.82,121889.75,90120.515625,105720.0859375
1043,18720127552844.516,99402.3984375,33412.12109375,7479.779296875
1044,41018616389411.72,132262.515625,58882.3828125,101971.390625
1045,38775823980015.5,88801.875,115699.953125,192894.25
1046,36295151238882.125,126470.7109375,48784.24609375,81865.0390625
1047,27875047790148.914,161546.328125,125513.7890625,154769.546875
1048,34086226403343.668,6792.93408203125,197852.828125,107592.34375
1049,34708709311337.465,177003.40625,93182.21875,186791.09375
1050,38198687652236.49,90931.046875,148023.640625,204245.84375
1051,33331819618209.33,60396.515625,54397.953125,136010.171875
1052,42725438314234.57,169195.25,171836.140625,150950.890625
1053,38896005752694.125,155383.1875,520.1629638671875,46625.60546875
1054,28500985212300.707,74758.0390625,95042.453125,42050.06640625
1055,37720339256716.86,146541.796875,87533.8984375,197833.03125
1056,19968538872781.04,159373.078125,99805.421875,173618.59375
1057,26034854948608.652,106936.5859375,29472.3984375,68791.3125
1058,36431036003930.47,183494.984375,55072.671875,96498.765625
1059,37027666820056.47,62447.5703125,51924.4921875,100193.46875
1060,33746573958102.67,48407.3046875,182540.25,64096.32421875
1061,24427783246374.004,59346.30859375,53520.38671875,50689.765625
1062,21490806487235.2,161479.28125,101275.0546875,201442.640625
1063,37444021373080.9,86903.3984375,139707.171875,172710.78125
1064,36202194713933.79,107709.828125,163033.234375,167124.265625
1065,20960481799666.004,98529.4453125,27411.62109375,16303.498046875
1066,40706693763609.02,145737.796875,187869.640625,37031.8984375
1067,35132207158113.742,39311.703125,164535.09375,93135.4921875
1068,38780920154266.31,154487.234375,136108.421875,167374.78125
1069,34864913899883.746,56573.5078125,51702.5078125,134369.75
1070,35917594646119.35,84521.609375,124678.4375,197359.015625
1071,41625778337900.43,128836.875,79206.375,5659.23583984375
1072,35963233157108.06,3601.99658203125,69204.875,39830.0703125
1073,37723341458379.47,104789.4375,26364.30078125,22801.884765625
1074,39382560646636.03,87601.546875,94840.75,26479.26953125
1075,32333773175699.363,180954.265625,121869.3515625,201797.6875
1076,40810574266035.58,116686.890625,121959.40625,27314.51171875
1077,38799823572898.21,93974.796875,162521.21875,186753.875
1078,33770440199891.13,68311.046875,33017.5078125,164127.046875
1079,35284396797497.79,116472.53125,75050.8359375,150183.1875
1080,39808588560119.58,177868.359375,106243.875,154485.390625
1081,10524828820443.977,40794.4453125,66297.2578125,69563.7578125
1082,17447401282707.78,59561.90234375,20433.701171875,202138.5625
1083,34517400948248.82,28939.677734375,96746.3125,175974.46875
1084,38791851339911.8,50674.078125,36163.08984375,179682.84375
1085,41799743850568.35,128793.5859375,4564.3779296875,72844.7734375
1086,33712082877777.164,35084.078125,25070.40234375,148549.78125
1087,28860557427756.863,26029.236328125,110006.46875,137220.015625
1088,41164870103059.49,117717.78125,40057.1328125,18597.1796875
1089,35419510288649.62,203958.796875,1169.9322509765625,195294.390625
1090,23867946520012.18,51850.1015625,98453.109375,87350.4140625
1091,31794440081100.53,167906.40625,53630.0625,91101.5234375
1092,24229783902028.9,34283.046875,103333.890625,169669.859375
1093,21094634802530.816,26249.80859375,38501.1875,110723.703125
1094,25196819006956.746,15006.66015625,10511.568359375,142296.125
1095,38769084343630.055,23615.9921875,54682.19921875,186994.828125
1096,37118684348012.625,184196.5,35188.00390625,154419.90625
1097,33746018929223.87,107522.9609375,45373.484375,91246.5703125
1098,35710154404709.18,19612.490234375,169371.40625,133617.125
1099,30518540415328.832,108092.109375,56759.125,48817.9921875
1100,32954288254031.96,81374.765625,93345.40625,189893.421875
1101,39715015736870.76,92730.8203125,20930.154296875,128163.453125
1102,23328305276263.1,100942.84375,17231.9453125,31453.748046875
1103,34879820389771.555,38131.078125,111195.171875,127715.0546875
1104,20958550010841.082,62837.20703125,202543.171875,85317.40625
1105,35572269373246.98,141751.796875,84549.7734375,9829.1611328125
1106,35062035649865.293,31255.783203125,111503.90625,118775.609375
1107,28071427098902.973,149680.359375,182855.421875,46688.5546875
1108,33991597583591.676,56451.97265625,138297.921875,81312.71875
1109,42021236414046.35,61628.5859375,147961.3125,107957.65625
1110,38436564379890.02,155639.6875,93890.484375,177619.328125
1111,23446816556179.88,117008.515625,117467.8671875,10832.9541015625
1112,22168379615533.656,112747.828125,163372.359375,117385.703125
1113,28630701588218.742,82771.46875,24466.0625,102986.875
1114,38244560428661.055,81338.6171875,180851.0625,56215.5390625
1115,26391812401392.273,93124.3671875,151476.90625,58937.8515625
1116,35046783167949.145,190582.8125,39613.06640625,63934.58984375
1117,30655124372601.12,98531.234375,67972.1875,44979.8828125
1118,36284951682213.24,11763.697265625,11362.80078125,171663.09375
1119,26606264387501.844,120367.203125,99395.1640625,137295.59375
1120,32460853164443.09,87205.375,70335.84375,33925.61328125
1121,34540903177590.79,47087.9609375,73732.5859375,12542.734375
1122,27207355257118.21,199866.125,72646.4609375,37809.921875
1123,33041395351251.105,73782.515625,659.072998046875,25560.0078125
1124,38539486196071.375,197484.71875,152460.234375,192170.203125
1125,38036691301299.086,20050.857421875,2844.8662109375,179002.375
1126,23767670101214.203,186817.75,79862.296875,177265.5
1127,35941846524856.07,82504.8203125,90386.28125,191002.40625
1128,21550652295887.77,147008.8125,52062.3984375,143909.75
1129,29264957235385.297,190959.65625,3364.06640625,167180.703125
1130,39711772061605.03,103828.1875,39552.81640625,127437.203125
1131,27578393864638.69,495.79443359375,41678.8125,40769.25
1132,35268874009309.49,180761.421875,162419.28125,44350.7109375
1133,43302895405456.52,186850.3125,28541.255859375,43671.07421875
1134,36424429718639.28,3482.835205078125,202056.015625,121149.9375
1135,16404318211175.082,43262.18359375,94565.4296875,18702.822265625
1136,16217610460838.316,148521.359375,103133.53125,5826.45068359375
1137,20722657331225.09,9180.8388671875,41988.046875,85502.2734375
1138,23794752987641.164,44407.81640625,125695.3671875,187534.96875
1139,35410258605975.055,167939.21875,96131.0,52699.71484375
1140,36408755558938.586,63841.06640625,201293.015625,76020.0
1141,34958068649431.65,52260.109375,150450.140625,59980.84765625
1142,35759822281194.64,100219.875,18931.32421875,94820.25
1143,21088053745825.03,36196.58203125,44123.046875,196664.609375
1144,35127802967919.617,49384.3515625,159967.734375,60757.6015625
1145,31172692406166.96,182863.890625,112306.453125,168986.53125
1146,29901204138756.645,42210.96875,97145.9921875,76903.125
1147,33925992449300.633,22969.076171875,82053.9765625,177382.515625
1148,34034720444207.633,129907.5390625,135818.4375,85842.8359375
1149,31815401431484.35,141869.09375,68179.0859375,5673.6611328125
1150,30220457470659.875,105170.921875,11325.2578125,42863.61328125
1151,36033610098123.336,118981.0546875,63584.71484375,30328.009765625
1152,31112832181179.88,191117.5625,94687.1640625,136365.65625
1153,35057815267936.227,165812.9375,82124.0078125,3071.375
1154,33483443416463.684,30463.3203125,170515.6875,60807.015625
1155,19896168873519.152,167000.34375,23612.146484375,148168.171875
1156,26604792119339.57,141401.09375,4070.64892578125,143483.234375
1157,36039445109518.01,166755.015625,43450.31640625,118323.796875
1158,32576234297728.445,194869.328125,203863.9375,198139.578125
1159,38496208359859.39,45300.84375,164904.640625,49090.20703125
1160,37865050422571.59,103029.109375,184389.921875,71874.6484375
1161,25089112769758.453,139267.703125,32418.0078125,134942.59375
1162,36657149002620.31,180531.65625,11025.3896484375,145975.109375
1163,34692919820960.66,34819.01171875,90359.9140625,91323.515625
1164,31198353481602.45,66826.421875,30265.197265625,66429.515625
1165,33386616105698.258,56439.65234375,22587.046875,199202.140625
1166,27748184046422.902,45245.76953125,23689.90234375,388.8974914550781
1167,30733264509752.363,57466.15625,132128.953125,62367.4609375
1168,19815208540928.55,36330.0,15311.5537109375,88272.765625
1169,32756517768997.27,160746.015625,59986.203125,93512.1015625
1170,34466086005545.098,140931.03125,92617.015625,25815.138671875
1171,30931744999261.883,109579.625,63814.0234375,49912.94140625
1172,33123564853899.098,58146.48046875,42111.5625,110027.6796875
1173,36651494195407.07,133036.5625,79063.0546875,102902.8515625
1174,37586825978696.12,129575.28125,98267.65625,47445.12109375
1175,16455054698456.414,84770.2890625,96262.1015625,200012.546875
1176,36476415020897.92,105272.578125,71245.21875,30076.189453125
1177,34338930331045.17,164300.234375,9575.486328125,133036.90625
1178,30182456012880.13,195683.71875,58695.046875,58894.19921875
1179,36900338149542.37,59895.74609375,18690.001953125,3140.2216796875
1180,12973433326471.158,51751.875,52501.99609375,138987.328125
1181,18446080241894.56,108914.703125,28462.974609375,203809.59375
1182,38702942200878.36,125776.78125,38314.33203125,63072.13671875
1183,36265662626633.086,122155.640625,37504.87890625,26568.23828125
1184,34884102041122.305,174965.0,170612.40625,109261.6171875
1185,39813663109868.62,83410.734375,33859.171875,173504.53125
1186,35239421437896.734,127136.7890625,114670.0078125,6115.8173828125
1187,18841550932333.188,177410.296875,141062.8125,190068.015625
1188,16055480758806.65,178931.890625,85097.921875,200729.71875
1189,34866784419286.98,72657.7734375,40977.59375,50803.6171875
1190,19802116707147.734,63507.5625,92821.3515625,6412.4658203125
1191,37642354095161.65,140112.53125,159146.09375,184393.296875
1192,35760063754797.76,9108.544921875,89605.296875,59220.73828125
1193,13888176782031.941,63331.0078125,170363.609375,45173.19921875
1194,34475510684233.836,194752.203125,10196.509765625,156357.78125
1195,35483630540485.68,53050.8671875,198619.78125,102171.296875
1196,36753587072353.85,194578.0625,174498.5,188528.625
1197,29773134829056.87,181133.65625,93840.875,165095.0
1198,35459850796704.31,75017.46875,160531.671875,183891.078125
1199,32238109983945.97,64911.6015625,178157.515625,191516.0
1200,31722639527051.965,9432.7392578125,154087.09375,189037.078125
1201,20671106321043.695,26445.66015625,79692.2734375,135472.296875
1202,32830527626310.156,112111.21875,87047.921875,7484.8935546875
1203,37577015663059.125,197386.875,21912.11328125,35693.375
1204,32544705774145.63,186323.28125,195940.3125,55429.11328125
1205,26498057182679.176,160946.84375,168693.75,93816.2578125
1206,24376378201579.57,158653.34375,74391.21875,193028.046875
1207,33547560064216.12,24348.23828125,153360.671875,180954.90625
1208,33857630191033.73,30622.80078125,20144.55859375,135371.234375
1209,35183057174029.375,74446.1953125,45469.171875,57420.859375
1210,33522147670551.004,113812.3515625,127422.3828125,27872.71875
1211,21409838946477.34,9109.625,102356.2890625,133707.5
1212,16515473556405.928,104734.2109375,153919.859375,142000.796875
1213,22701248786144.633,134498.765625,148503.09375,135351.140625
1214,30524126744953.13,68131.9453125,131195.671875,44769.70703125
1215,30693943957364.555,192195.078125,42812.25,62201.17578125
1216,30019756865635.15,193482.859375,98577.53125,189427.8125
1217,27914781010112.195,174576.234375,29550.458984375,74282.5625
1218,30934894968353.26,96617.875,135106.875,34940.75
1219,32888128090862.12,101713.390625,199088.734375,138456.484375
1220,30523326638387.586,58373.140625,63752.72265625,85370.375
1221,13968400980541.408,130050.4765625,75058.890625,4160.546875
1222,23137371737871.824,88410.8125,107937.5546875,72729.6875
1223,36196219143277.6,179657.3125,48420.9609375,187953.171875
1224,18058572774233.28,135239.703125,185655.578125,7450.31787109375
1225,32887818139670.062,126689.8984375,59972.3984375,79537.609375
1226,19845093602376.734,44516.19140625,96901.28125,119505.859375
1227,29745835697612.195,118817.734375,62690.73828125,81160.8203125
1228,32674222123422.277,54320.25,53099.27734375,12382.8349609375
1229,34881107047626.957,143110.46875,136244.765625,180515.21875
1230,29698847457304.582,179985.921875,59770.59375,115656.6875
1231,30388288832991.953,139464.875,151495.140625,130858.2578125
1232,31039662075352.45,58865.953125,2731.691162109375,91747.0703125
1233,28482157479425.008,167608.484375,40831.08984375,114604.3984375
1234,37203946154413.94,99899.296875,41789.15234375,193767.125
1235,31586884509014.246,131064.890625,31441.265625,155481.640625
1236,30766339185211.84,61478.6875,137719.015625,115850.2265625
1237,33779580155973.207,197038.84375,187409.75,139937.984375
1238,34092028977985.68,73843.8515625,123294.6640625,188158.765625
1239,35227409027162.68,199998.515625,80820.6796875,172221.65625
1240,27727628155447.297,143269.84375,83047.84375,173755.359375
1241,35785796911905.81,19192.96484375,9235.357421875,103822.2265625
1242,34993986946874.08,158765.484375,196039.9375,139422.65625
1243,32966055587079.273,140658.390625,84314.34375,202079.484375
1244,34314952362664.23,94928.46875,34724.60546875,96431.7421875
1245,28394504363536.13,13476.162109375,89562.1796875,14744.9697265625
1246,32761920290356.51,41171.03515625,35051.2578125,191187.328125
1247,31422941952917.406,41956.203125,108882.6171875,120506.921875
1248,30769287325620.02,99203.9765625,11507.1865234375,123727.046875
1249,29251823954642.75,176612.1875,154796.203125,127897.21875
1250,32307957124667.848,151890.375,100336.828125,45400.69921875
1251,31752647127343.52,143206.5,160666.40625,177388.125
1252,26670256694369.094,119835.4765625,149269.40625,58506.20703125
1253,34313860325324.77,187040.640625,1072.342041015625,965.321044921875
1254,26923092171123.043,123971.3671875,193066.234375,16698.359375
1255,27030960592084.625,22031.54296875,43595.47265625,111458.3046875
1256,29992077503367.656,66065.7421875,82746.640625,60328.953125
1257,35927487855679.805,65378.55859375,146552.671875,106746.0703125
1258,28357580526761.33,20001.9140625,44891.37890625,96573.015625
1259,27937070465313.145,112437.421875,130240.4296875,9639.8388671875
1260,32409981524025.688,24882.955078125,7757.65380859375,163816.75
1261,31685470612590.418,94681.578125,150461.9375,48390.5859375
1262,29745376176949.55,101899.78125,69503.4453125,199068.265625
1263,25946311624063.516,22007.6171875,18473.826171875,133660.15625
1264,29245996151415.34,139900.0625,42622.359375,113144.8203125
1265,35933110226140.39,146657.59375,65694.6171875,167997.109375
1266,18432925336650.242,177867.703125,60895.23828125,185319.484375
1267,28125742441227.49,95539.7109375,155301.5,129001.5703125
1268,32602976598252.508,109605.375,57651.00390625,186199.921875
1269,33591169476121.938,117647.40625,158320.34375,22012.369140625
1270,29996369966969.293,180181.515625,124418.1953125,200696.34375
1271,31420217265694.2,83318.96875,156744.125,139175.765625
1272,17244413886620.719,56409.89453125,94417.1171875,94078.046875
1273,21171482875701.21,83831.890625,140801.171875,190640.0
1274,22666945118167.812,116528.1328125,32236.822265625,66963.109375
1275,25659466212148.473,12527.744140625,80783.6015625,204496.65625
1276,30142785864380.35,70889.7109375,20052.9140625,180585.890625
1277,13057549935299.49,137117.34375,108353.3984375,76374.3671875
1278,25680831219898.695,3938.599853515625,168354.625,152150.96875
1279,30510052798383.523,58024.00390625,50093.2578125,134595.65625
1280,29936354766386.184,159588.5625,172861.34375,48468.30859375
1281,28077139571454.273,83386.0390625,143749.8125,189864.90625
1282,35127514641229.332,72263.4609375,48283.23828125,35029.12890625
1283,17297078558643.342,42777.20703125,69109.8359375,84280.3046875
1284,28726159347205.31,201919.421875,97906.078125,720.3875122070312
1285,31523618424998.156,97125.203125,14648.9501953125,188119.609375
1286,36376736879982.28,110271.3203125,134256.90625,49684.046875
1287,32241998790181.207,56654.76171875,189259.953125,67282.6328125
1288,31349609663326.69,158445.078125,49084.46484375,135159.375
1289,30400330076395.04,175005.859375,27277.23046875,2332.71484375
1290,31838809954651.977,166253.609375,35741.48046875,138363.640625
1291,31427645282052.703,56584.5390625,127193.3203125,93108.2109375
1292,26804240305303.367,187254.90625,3468.623046875,168235.046875
1293,12789789047218.686,44546.109375,96213.1171875,52971.3984375
1294,21374985655747.156,97726.3671875,145875.828125,138443.40625
1295,17417087335307.795,18270.814453125,30171.248046875,144141.3125
1296,29842133208084.22,8178.26123046875,116481.640625,524.8757934570312
1298,29479283078567.87,188509.09375,59299.0859375,95165.9375
1299,35257225611021.92,97337.0390625,151012.890625,61876.078125
1300,27905695115284.543,65104.37109375,17341.859375,12481.1357421875
1301,34176962812776.793,72484.6484375,153824.015625,4775.42919921875
1302,13323097916032.348,51139.64453125,37844.69921875,169931.546875
1303,32452477274090.273,33016.35546875,128566.203125,178959.640625
1304,32530649847994.168,187177.9375,84446.328125,152879.34375
1305,28292932276673.68,138287.1875,46438.40625,60942.23046875
1306,34307722570905.3,39892.97265625,27773.5859375,104216.7578125
1307,29913892315171.06,101876.6484375,22446.22265625,197485.4375
1308,30149047959685.008,51466.69140625,139435.171875,5923.30712890625
1309,30925527955002.582,103124.0546875,6352.55419921875,118521.8984375
1310,31058698845078.61,53964.96484375,62289.08203125,195835.859375
1311,29406385081054.4,63053.39453125,87941.0703125,198635.609375
1312,9459273386466.176,83314.6171875,43938.55859375,34713.14453125
1313,8388243349456.562,62244.81640625,50640.859375,29972.15234375
1314,28868174658505.867,204673.984375,13191.9423828125,50886.09375
1315,20245590187435.414,134747.0,24802.556640625,146874.40625
1316,31358558602976.453,115205.5390625,162119.875,138352.25
1317,24603242651705.973,47174.234375,12750.4873046875,43514.93359375
1318,32290300718971.434,92113.1875,64269.7734375,17442.56640625
1319,25120646699466.71,125065.0234375,51426.671875,32405.693359375
1320,33491148947261.59,123333.796875,63920.72265625,156034.90625
1321,24956794245460.586,136365.984375,183891.375,129303.765625
1322,29640603663824.918,82763.3046875,498.8899841308594,16466.9765625
1323,32751864897032.773,69088.75,36612.71875,110371.8515625
1324,29652489931631.977,158545.34375,162572.296875,72156.3671875
1325,28722211073590.2,134632.71875,167236.828125,46757.1015625
1326,32969086621410.91,158756.796875,30154.96484375,96119.984375
1327,26937301270828.72,107603.625,198142.671875,120531.0703125
1328,20239205553287.387,132580.6875,194422.375,35169.45703125
1329,25237364947778.27,181326.71875,199378.28125,56404.41015625
1330,32099194184565.99,64594.0390625,149232.46875,103213.625
1331,24907812946906.37,44540.42578125,95437.7265625,94554.7421875
1332,31626662780022.883,188321.28125,108986.0625,17213.228515625
1333,21494875497651.867,94421.4609375,157702.984375,146808.046875
1334,30508153446311.26,156641.75,108504.671875,51538.8515625
1335,31823871028011.516,108959.9453125,77657.2578125,60133.1484375
1336,26570151469543.477,156644.328125,63687.015625,92218.7890625
1337,29116016677392.418,108540.203125,32170.677734375,178721.40625
1338,31808294178568.793,39126.15234375,5350.552734375,80441.09375
1339,35734182830260.92,78932.875,105618.328125,100461.6171875
1340,35295209048383.52,118948.421875,68115.9609375,32669.185546875
1341,33365953894255.61,163774.4375,16053.5400390625,128197.0546875
1342,33810622128266.164,75235.078125,36677.9296875,163375.390625
1343,29480852656988.117,152345.921875,185085.28125,110124.265625
1344,22216724793327.43,52164.9453125,158392.59375,53530.70703125
1345,31640325861058.83,55156.48046875,193167.09375,91216.6484375
1346,32936375958397.918,80084.7265625,84639.1875,3715.048828125
1347,22994826626277.863,122257.6953125,194724.515625,35470.5703125
1348,16702759762165.08,41086.51171875,133199.046875,83269.75
1349,31281701519596.99,6994.5107421875,68250.734375,103107.0
1350,29455344755106.844,172073.90625,38544.7890625,56381.3515625
1351,28623133012598.723,9099.1875,4227.23974609375,174794.234375
1352,27207160636602.266,136271.71875,100636.4140625,54387.296875
1353,14963115447736.75,23995.44140625,109660.9296875,137147.15625
1354,28108579794988.19,163828.578125,64335.5234375,163335.15625
1355,36498208914599.94,23713.662109375,189466.890625,113249.0546875
1356,25430990736640.094,16234.443359375,47760.93359375,80051.2421875
1357,28837669694673.566,42109.02734375,27776.59765625,179204.34375
1358,30948630131061.78,99133.3203125,3813.805908203125,135879.46875
1359,28568424825158.695,113223.1171875,183028.75,161979.1875
1360,19280793218440.914,55935.79296875,84317.4609375,128855.2421875
1361,24147708105555.246,168630.75,99407.9921875,169809.21875
1362,30152433996254.06,58636.0234375,131177.296875,74400.21875
1363,23592097167247.934,192676.8125,125140.046875,191805.84375
1364,24775344853137.918,85865.859375,151837.15625,143561.609375
1365,15412184267857.803,227.66754150390625,56733.40234375,43311.859375
1366,30455068898545.91,61476.796875,139127.171875,112028.7890625
1367,28548144646580.676,45510.3203125,187636.46875,95890.1640625
1368,29254272929468.37,80204.4296875,204831.328125,80229.109375
1369,13494373881292.441,20054.380859375,168294.78125,8786.27734375
1370,25851470163377.438,193859.140625,101257.890625,183911.953125
1371,32534733274745.35,184516.9375,79569.921875,175842.5
1372,18938994541399.098,7976.5869140625,5411.3564453125,142222.75
1373,25668402537505.535,106035.921875,187441.4375,79044.390625
1374,31899960441578.094,153193.640625,128437.171875,167144.734375
1375,31115506411232.285,49822.67578125,83970.1953125,1819.9224853515625
1376,28298781704402.863,29119.0,28552.79296875,58884.42578125
1377,28852527529432.387,10466.9365234375,116500.7734375,4025.83154296875
1378,30852520032938.44,75976.4140625,167903.5,75243.9609375
1379,26530715586479.555,201234.171875,76792.4375,52940.57421875
1380,20215975432259.375,108374.6796875,26941.056640625,128822.15625
1381,34546262449946.49,117239.328125,121937.265625,14255.490234375
1382,25363210537879.207,98322.2734375,2075.560302734375,37487.1875
1383,27135844831801.742,94667.265625,127441.890625,115248.7109375
1384,23200059366465.53,1300.3525390625,9552.724609375,38226.984375
1385,20571682268023.88,56866.48828125,44674.65625,3188.817138671875
1386,24027248818437.223,79339.5078125,135546.890625,40776.5
1387,14754413777056.576,125233.328125,115619.1640625,5346.5029296875
1388,22673012592956.523,97403.2109375,184117.1875,156599.234375
1389,30339399438570.27,143979.59375,104892.6171875,2782.99462890625
1390,24230818274030.3,25946.724609375,183884.53125,130238.2890625
1391,27794451470004.797,12574.14453125,102718.6328125,190279.953125
1392,25097155282375.63,29081.857421875,104647.1484375,174484.5
1393,23691681601989.223,66808.2109375,15961.8212890625,63792.96484375
1394,24813059786269.19,90366.5390625,118288.3828125,195391.75
1395,28485842654935.23,173315.78125,171219.84375,161610.03125
1396,28206259471531.777,143624.0625,138128.734375,144179.953125
1397,27590390056996.42,21193.1015625,130584.296875,126006.3828125
1398,16262288483540.006,15355.1142578125,101501.9453125,16978.328125
1399,29292960965179.363,73941.1875,113938.671875,2345.320068359375
1400,28445684153103.777,142696.65625,98662.09375,112648.8125
1401,18888389603170.21,83138.8984375,28481.732421875,102237.3671875
1402,28967742874870.83,10704.2890625,189661.671875,43069.97265625
1403,20463199350803.625,185971.59375,192643.03125,46079.1796875
1404,31474826340834.44,23585.4375,9257.9521484375,18175.921875
1405,30494904834892.605,4049.281982421875,106531.34375,200804.359375
1406,18787069802161.758,62793.64453125,173979.984375,47285.59375
1407,15847817064211.508,71504.4375,48984.67578125,47441.2890625
1408,29108302136385.445,126279.7734375,126545.6953125,190632.21875
1409,14132979657398.693,95955.5703125,111909.25,7906.494140625
1410,30503442909008.71,34105.9609375,108469.296875,115678.9765625
1411,17374604199535.91,148.73048400878906,10022.244140625,22921.27734375
1412,26058009383880.46,23705.322265625,119504.5546875,38179.2421875
1413,28413512300593.26,12848.0283203125,75724.1640625,133395.296875
1414,29389049438800.93,204755.90625,159217.484375,135451.296875
1415,24728279125032.293,67915.2109375,178817.515625,24412.140625
1416,20603499118296.98,147984.484375,12932.041015625,69050.4296875
1417,29106238798508.082,150788.921875,168502.5,68671.5703125
1418,27750076190327.906,54562.2265625,61953.078125,193458.875
1419,24514893947676.777,10584.5830078125,69081.875,184619.546875
1420,22388499023149.17,102185.125,108692.2734375,6045.56591796875
1421,21325332195596.215,66684.6328125,152435.015625,101009.7265625
1422,27183043911001.625,9996.017578125,162161.765625,78317.3515625
1423,28560153453231.105,89791.2890625,159233.984375,96341.1796875
1424,27884786024113.336,67747.7109375,120169.7421875,187030.140625
1425,29040307494648.656,83558.2109375,93424.2578125,199906.234375
1426,29193160285420.355,88857.4921875,55909.7109375,115836.4296875
1427,31602555064631.312,40801.68359375,158227.203125,157622.53125
1428,27633121874538.676,135308.140625,162990.875,55469.61328125
1429,29145878312297.02,5121.705078125,96078.9140625,187950.25
1430,27084711895321.266,2264.245849609375,134546.359375,145028.125
1431,13342368050173.457,92770.875,190948.984375,74234.921875
1432,27103966712106.953,6149.75439453125,203115.984375,106255.640625
1433,28035921469036.02,67749.390625,187158.515625,110194.640625
1434,24275660282537.09,39410.40625,126753.2265625,68620.984375
1435,23579711733858.32,98517.109375,35918.859375,104493.2890625
1436,17782033239454.164,166643.5,139171.84375,196138.015625
1437,13160668174038.604,71164.5625,100254.25,93662.7421875
1438,26521171973031.074,93681.9921875,138361.609375,34764.8359375
1439,27253026204859.574,51998.99609375,140136.625,180420.046875
1440,24354393291445.23,165111.984375,57727.41015625,4287.86328125
1441,29624720467273.766,170189.53125,47272.9140625,154981.5
1442,29035178883645.188,104846.71875,187794.9375,83551.8515625
1443,24603285900709.516,97796.4296875,68386.84375,104985.9609375
1444,28054269858789.12,84393.8125,197777.984375,73258.484375
1445,28640765991751.55,21427.94921875,4392.57373046875,170087.09375
1446,19791479254317.98,77800.59375,119965.2890625,156055.375
1447,26775438270985.57,195142.890625,118898.9921875,186286.984375
1448,25714880799979.703,171391.125,60939.1953125,167357.640625
1449,29432213746378.617,9020.443359375,3451.8740234375,105188.75
1450,29857832596370.312,63068.66796875,11659.365234375,107348.7109375
1451,25961899285757.12,35867.41015625,5052.3466796875,180305.90625
1452,26383151788432.793,174917.40625,26096.107421875,146927.6875
1453,27430949001351.676,20838.384765625,3052.34423828125,180569.359375
1454,23577188875318.312,185655.375,53362.69921875,180544.21875
1455,26195052861815.4,76859.5625,109680.5703125,51895.07421875
1456,13579922212342.229,147563.703125,71047.65625,161387.65625
1457,29019508328028.12,106303.875,27550.583984375,70858.8203125
1458,26166294076501.145,164133.796875,82017.265625,99179.296875
1459,23513616444193.793,159512.375,178689.0625,68177.2890625
1460,22796338928601.086,156403.921875,193386.34375,142802.171875
1461,11310355065669.287,4038.026611328125,16972.28125,44204.21484375
1462,28310147182125.59,86292.1953125,35884.7890625,173638.828125
1463,23685075316698.035,123711.1484375,57548.7578125,98255.8828125
1464,19942092107114.52,23702.966796875,111311.171875,137660.46875
1465,16642431006306.281,79158.4453125,51448.85546875,134242.1875
1466,28677614142770.152,13341.154296875,2717.324951171875,33758.20703125
1467,31464050130784.99,190443.3125,9247.45703125,111936.7421875
1468,18176354227215.273,64753.73828125,17914.232421875,120636.0390625
1469,25377178163981.77,194794.09375,75319.1875,4025.26513671875
1470,20495257674679.844,57949.55859375,126117.5,128371.953125
1471,33098469619593.297,119785.3515625,192300.25,58137.6484375
1472,23522354544951.285,51475.94140625,155560.5,57441.38671875
1473,27973228434316.875,94142.0390625,18438.181640625,194713.703125
1474,24911025987461.25,81889.5234375,45866.46875,133793.1875
1475,23629994106602.45,88740.671875,134176.59375,16535.3125
1476,22847502499792.406,126633.109375,94644.265625,12282.7138671875
1477,27883904825666.15,28040.197265625,166940.140625,118862.6328125
1478,27932837469091.38,81876.578125,130534.90625,171623.625
1479,25624773303139.76,11203.7890625,90865.8984375,63775.2421875
1480,28895061122375.074,189013.3125,161934.296875,46723.0859375
1481,25142687472897.293,202996.375,176728.34375,87270.2265625
1482,19439178277582.484,137281.25,33971.3828125,148641.78125
1483,10842909924147.014,64294.23828125,42395.12109375,155132.84375
1484,24686677187707.594,158889.90625,99406.609375,38724.0546875
1485,29046704743089.387,200431.8125,187845.265625,95702.890625
1486,21885255419965.125,122364.921875,196438.9375,202711.578125
1487,30379256999418.734,94038.328125,5157.63720703125,136281.15625
1488,16130595267751.697,138838.8125,171567.9375,66332.109375
1489,26720647189622.086,110476.1328125,29513.7734375,202636.234375
1490,20627722164364.668,33041.859375,108202.0390625,141507.140625
1491,27007916081363.484,37432.3203125,189715.8125,165461.359375
1492,8832054712584.422,186297.53125,204364.5,168735.09375
1493,33249469911379.91,140969.0625,171349.921875,64613.015625
1494,15812612375327.54,172365.3125,164772.421875,56763.48828125
1495,20493244793973.28,195519.453125,80975.7890625,48356.43359375
1496,14754484056687.334,118678.8203125,61801.0859375,34154.44140625
1497,25974045047585.438,194870.03125,60724.265625,56002.35546875
1498,23507792245050.008,60881.3515625,29875.66796875,26489.46875
1499,23178481717781.223,132319.25,27987.923828125,145326.6875
